event_id,timestamp,month,metric,asset,selected_assets,weakest_selected_actual,actual,excess_bps
event_940d9ef270ee77d6255abac35e570497d76319d4f6e7bceaf354e1168197a17d,2026-01-01T17:31:00Z,2026-01,volatility,DOGE,ADA|AVAX|LINK,0.004423155464365274,0.0047695239648635306,3.4636850049825623
event_940d9ef270ee77d6255abac35e570497d76319d4f6e7bceaf354e1168197a17d,2026-01-01T17:31:00Z,2026-01,max_drawdown,ETH,ADA|AVAX|LINK,0.002365930599369035,0.005483127813140948,31.171972137719127
event_940d9ef270ee77d6255abac35e570497d76319d4f6e7bceaf354e1168197a17d,2026-01-01T17:31:00Z,2026-01,max_drawdown,SOL,ADA|AVAX|LINK,0.002365930599369035,0.004062126642771732,16.96196043402697
event_940d9ef270ee77d6255abac35e570497d76319d4f6e7bceaf354e1168197a17d,2026-01-01T17:31:00Z,2026-01,max_drawdown,XRP,ADA|AVAX|LINK,0.002365930599369035,0.003519436890097552,11.535062907285171
event_940d9ef270ee77d6255abac35e570497d76319d4f6e7bceaf354e1168197a17d,2026-01-01T17:31:00Z,2026-01,max_drawdown,DOGE,ADA|AVAX|LINK,0.002365930599369035,0.004788507581803587,24.225769824345523
event_940d9ef270ee77d6255abac35e570497d76319d4f6e7bceaf354e1168197a17d,2026-01-01T17:31:00Z,2026-01,max_drawdown,LTC,ADA|AVAX|LINK,0.002365930599369035,0.0031585596967782688,7.926290974092339
event_c1042672ac48f4bd8aab62eacb212f66cec0aa5455b73637d81f4792e69be1a9,2026-01-01T18:36:00Z,2026-01,volatility,DOGE,AVAX|LINK|ADA,0.0031361126231046013,0.0032662712795341236,1.301586564295223
event_c1042672ac48f4bd8aab62eacb212f66cec0aa5455b73637d81f4792e69be1a9,2026-01-01T18:36:00Z,2026-01,max_drawdown,DOGE,AVAX|LINK|ADA,0.00199373397892348,0.0021624219125419867,1.6868793361850656
event_a1ba343af09021cd3a1bffce48ed543672d1dd860b2383dfe25b1601a74c2fcc,2026-01-01T19:41:00Z,2026-01,volatility,DOGE,AVAX|LINK|ADA,0.003979921665851179,0.004636960677702405,6.570390118512265
event_a1ba343af09021cd3a1bffce48ed543672d1dd860b2383dfe25b1601a74c2fcc,2026-01-01T19:41:00Z,2026-01,max_drawdown,DOGE,AVAX|LINK|ADA,0.0023923444976076047,0.004829388013617286,24.37043516009681
event_a1ba343af09021cd3a1bffce48ed543672d1dd860b2383dfe25b1601a74c2fcc,2026-01-01T19:41:00Z,2026-01,max_drawdown,LTC,AVAX|LINK|ADA,0.0023923444976076047,0.002512562814070209,1.2021831646260446
event_ead9c504e9e4bb4e280e20a91693e0661b0720bd6151594ce3508e4dca7eec0e,2026-01-02T06:41:00Z,2026-01,max_drawdown,ETH,LINK|ADA|AVAX,0.0022302759966546497,0.0034146775154845553,11.844015188299055
event_ead9c504e9e4bb4e280e20a91693e0661b0720bd6151594ce3508e4dca7eec0e,2026-01-02T06:41:00Z,2026-01,max_drawdown,SOL,LINK|ADA|AVAX,0.0022302759966546497,0.002742516846889269,5.122408502346194
event_ead9c504e9e4bb4e280e20a91693e0661b0720bd6151594ce3508e4dca7eec0e,2026-01-02T06:41:00Z,2026-01,max_drawdown,XRP,LINK|ADA|AVAX,0.0022302759966546497,0.0024980069093807743,2.677309127261246
event_ead9c504e9e4bb4e280e20a91693e0661b0720bd6151594ce3508e4dca7eec0e,2026-01-02T06:41:00Z,2026-01,max_drawdown,LTC,LINK|ADA|AVAX,0.0022302759966546497,0.0030109145652991456,7.806385686444958
event_70d9b0c8191516b505bbb9783d1d711599d96a235bebec2917a339243b94be2e,2026-01-02T09:12:00Z,2026-01,volatility,ETH,AVAX|SOL|LINK,0.0023819204845305533,0.002400625276260374,0.18704791729820622
event_70d9b0c8191516b505bbb9783d1d711599d96a235bebec2917a339243b94be2e,2026-01-02T09:12:00Z,2026-01,volatility,DOGE,AVAX|SOL|LINK,0.0023819204845305533,0.0030953062724013497,7.133857878707963
event_70d9b0c8191516b505bbb9783d1d711599d96a235bebec2917a339243b94be2e,2026-01-02T09:12:00Z,2026-01,volatility,ADA,AVAX|SOL|LINK,0.0023819204845305533,0.00469718130578294,23.152608212523862
event_70d9b0c8191516b505bbb9783d1d711599d96a235bebec2917a339243b94be2e,2026-01-02T09:12:00Z,2026-01,volatility,LTC,AVAX|SOL|LINK,0.0023819204845305533,0.0025756661692846457,1.9374568475409235
event_70d9b0c8191516b505bbb9783d1d711599d96a235bebec2917a339243b94be2e,2026-01-02T09:12:00Z,2026-01,max_drawdown,DOGE,AVAX|SOL|LINK,0.0029673590504451725,0.0045637376237624315,15.963785733172589
event_70d9b0c8191516b505bbb9783d1d711599d96a235bebec2917a339243b94be2e,2026-01-02T09:12:00Z,2026-01,max_drawdown,ADA,AVAX|SOL|LINK,0.0029673590504451725,0.003896465349290321,9.291062988451486
event_24c332fafa7a723e34cde608b73e1eef5d42faa6a7872eb91930b48e8bb119cf,2026-01-02T14:39:00Z,2026-01,volatility,ETH,DOGE|ADA|AVAX,0.011386382787477112,0.012377805017566718,9.914222300896059
event_24c332fafa7a723e34cde608b73e1eef5d42faa6a7872eb91930b48e8bb119cf,2026-01-02T14:39:00Z,2026-01,max_drawdown,BTC,DOGE|ADA|AVAX,0.007301243915630166,0.009159045975378635,18.578020597484688
event_24c332fafa7a723e34cde608b73e1eef5d42faa6a7872eb91930b48e8bb119cf,2026-01-02T14:39:00Z,2026-01,max_drawdown,ETH,DOGE|ADA|AVAX,0.007301243915630166,0.009464444645091358,21.632007294611917
event_24c332fafa7a723e34cde608b73e1eef5d42faa6a7872eb91930b48e8bb119cf,2026-01-02T14:39:00Z,2026-01,max_drawdown,SOL,DOGE|ADA|AVAX,0.007301243915630166,0.008115628381511693,8.143844658815274
event_24c332fafa7a723e34cde608b73e1eef5d42faa6a7872eb91930b48e8bb119cf,2026-01-02T14:39:00Z,2026-01,max_drawdown,LINK,DOGE|ADA|AVAX,0.007301243915630166,0.00839054157131956,10.892976556893947
event_24c332fafa7a723e34cde608b73e1eef5d42faa6a7872eb91930b48e8bb119cf,2026-01-02T14:39:00Z,2026-01,max_drawdown,LTC,DOGE|ADA|AVAX,0.007301243915630166,0.00988020254415212,25.789586285219542
event_b5ac2bdac248e8e5274fe7ac3a7cb0993efb3b5af7dfa87433570875837ba141,2026-01-02T22:05:00Z,2026-01,volatility,AVAX,DOGE|XRP|ADA,0.00679937235466259,0.007619992242816859,8.206198881542695
event_b5ac2bdac248e8e5274fe7ac3a7cb0993efb3b5af7dfa87433570875837ba141,2026-01-02T22:05:00Z,2026-01,volatility,LINK,DOGE|XRP|ADA,0.00679937235466259,0.006810239363804628,0.10867009142038163
event_b5ac2bdac248e8e5274fe7ac3a7cb0993efb3b5af7dfa87433570875837ba141,2026-01-02T22:05:00Z,2026-01,max_drawdown,SOL,DOGE|XRP|ADA,0.00456621004566202,0.004735417919422696,1.69207873760676
event_b5ac2bdac248e8e5274fe7ac3a7cb0993efb3b5af7dfa87433570875837ba141,2026-01-02T22:05:00Z,2026-01,max_drawdown,AVAX,DOGE|XRP|ADA,0.00456621004566202,0.0093123209169055,47.4611087124348
event_91b85efe25cfc107080901654096cd10e6159880305ed977bb56b3c3f501f20a,2026-01-03T12:47:00Z,2026-01,volatility,DOGE,AVAX|LINK|ADA,0.0035546933346873124,0.004326480190962863,7.717868562755509
event_91b85efe25cfc107080901654096cd10e6159880305ed977bb56b3c3f501f20a,2026-01-03T12:47:00Z,2026-01,max_drawdown,ETH,AVAX|LINK|ADA,0.0015220700152208029,0.0017930319623237017,2.7096194710289883
event_91b85efe25cfc107080901654096cd10e6159880305ed977bb56b3c3f501f20a,2026-01-03T12:47:00Z,2026-01,max_drawdown,XRP,AVAX|LINK|ADA,0.0015220700152208029,0.0023934181002243406,8.713480850035378
event_91b85efe25cfc107080901654096cd10e6159880305ed977bb56b3c3f501f20a,2026-01-03T12:47:00Z,2026-01,max_drawdown,DOGE,AVAX|LINK|ADA,0.0015220700152208029,0.0033564086427523123,18.343386275315094
event_f677c8f484ea7a20ddcf6a07dacf2fc0609739b90ae33d039bff98cb41730c05,2026-01-03T16:03:00Z,2026-01,max_drawdown,XRP,AVAX|DOGE|ADA,0.002843111915223689,0.0047263681592037915,18.832562439801023
event_f677c8f484ea7a20ddcf6a07dacf2fc0609739b90ae33d039bff98cb41730c05,2026-01-03T16:03:00Z,2026-01,max_drawdown,LINK,AVAX|DOGE|ADA,0.002843111915223689,0.003046458492003117,2.0334657677942767
event_c997f81cddd5387cc0f23b4d8d2277250c35071059c5e04da8bd11384ac6c42a,2026-01-03T21:33:00Z,2026-01,volatility,LINK,DOGE|ADA|AVAX,0.003827393556171696,0.004996786327919269,11.693927717475725
event_dcadaf5652673b04fb309058780d24a939ee67c8ee7c144817ae61fc27e553f5,2026-01-04T00:06:00Z,2026-01,volatility,DOGE,ADA|SOL|LINK,0.005765709992773599,0.014212664956661882,84.46954963888281
event_dcadaf5652673b04fb309058780d24a939ee67c8ee7c144817ae61fc27e553f5,2026-01-04T00:06:00Z,2026-01,max_drawdown,DOGE,ADA|SOL|LINK,0.0049037818560071075,0.008934707903780039,40.30926047772931
event_dcadaf5652673b04fb309058780d24a939ee67c8ee7c144817ae61fc27e553f5,2026-01-04T00:06:00Z,2026-01,max_drawdown,AVAX,ADA|SOL|LINK,0.0049037818560071075,0.00498220640569397,0.7842454968686254
event_a9ebd64f24ba07b3704dc4d0617a4a0f0d1b61d80d8d35a27fa31b1d7a9c5416,2026-01-04T12:24:00Z,2026-01,volatility,LINK,DOGE|XRP|AVAX,0.006240249156889977,0.006493188049048724,2.529388921587465
event_a9ebd64f24ba07b3704dc4d0617a4a0f0d1b61d80d8d35a27fa31b1d7a9c5416,2026-01-04T12:24:00Z,2026-01,max_drawdown,ADA,DOGE|XRP|AVAX,0.007062146892655342,0.008659079663532913,15.969327708775706
event_66080073b3b1cb6900d83c75d3de722701b0eacbe6276be499d28af39eae395b,2026-01-04T16:02:00Z,2026-01,volatility,SOL,DOGE|XRP|LINK,0.003443575671200597,0.004216539576511382,7.7296390531078485
event_66080073b3b1cb6900d83c75d3de722701b0eacbe6276be499d28af39eae395b,2026-01-04T16:02:00Z,2026-01,volatility,ADA,DOGE|XRP|LINK,0.003443575671200597,0.004799699358684146,13.561236874835487
event_66080073b3b1cb6900d83c75d3de722701b0eacbe6276be499d28af39eae395b,2026-01-04T16:02:00Z,2026-01,volatility,AVAX,DOGE|XRP|LINK,0.003443575671200597,0.005660093515847528,22.165178446469305
event_66080073b3b1cb6900d83c75d3de722701b0eacbe6276be499d28af39eae395b,2026-01-04T16:02:00Z,2026-01,volatility,LTC,DOGE|XRP|LINK,0.003443575671200597,0.0034537490643140943,0.1017339311349709
event_66080073b3b1cb6900d83c75d3de722701b0eacbe6276be499d28af39eae395b,2026-01-04T16:02:00Z,2026-01,max_drawdown,SOL,DOGE|XRP|LINK,0.0027753852043256796,0.004577672770230394,18.02287565904714
event_66080073b3b1cb6900d83c75d3de722701b0eacbe6276be499d28af39eae395b,2026-01-04T16:02:00Z,2026-01,max_drawdown,BNB,DOGE|XRP|LINK,0.0027753852043256796,0.003334228428213411,5.588432238877315
event_66080073b3b1cb6900d83c75d3de722701b0eacbe6276be499d28af39eae395b,2026-01-04T16:02:00Z,2026-01,max_drawdown,ADA,DOGE|XRP|LINK,0.0027753852043256796,0.0037481259370314877,9.727407327058081
event_66080073b3b1cb6900d83c75d3de722701b0eacbe6276be499d28af39eae395b,2026-01-04T16:02:00Z,2026-01,max_drawdown,AVAX,DOGE|XRP|LINK,0.0027753852043256796,0.004216444132115285,14.41058927789605
event_92060d726588c4ff374e54a764dc6051901dae4e2ff592a25a8ecc16714d571f,2026-01-04T19:06:00Z,2026-01,volatility,LINK,DOGE|ADA|AVAX,0.005451486347508599,0.0054688581322798685,0.17371784771269203
event_92060d726588c4ff374e54a764dc6051901dae4e2ff592a25a8ecc16714d571f,2026-01-04T19:06:00Z,2026-01,max_drawdown,LINK,DOGE|ADA|AVAX,0.0028469750889680372,0.0029895366218236864,1.4256153285564919
event_147b00e5f21da112267063a6522d4214bafa5555c0560760fcd8910a5b67bd95,2026-01-04T21:14:00Z,2026-01,max_drawdown,DOGE,AVAX|ADA|LINK,0.008154188287620417,0.011021112734032631,28.669244464122144
event_6c2d42e7326704ec735ca58b9f8e5990dddc4450c7840a5290c3a0262dde927c,2026-01-04T22:16:00Z,2026-01,volatility,XRP,ADA|AVAX|DOGE,0.003876825263680662,0.004070948316339298,1.9412305265863616
event_6c2d42e7326704ec735ca58b9f8e5990dddc4450c7840a5290c3a0262dde927c,2026-01-04T22:16:00Z,2026-01,max_drawdown,XRP,ADA|AVAX|DOGE,0.003949923009975278,0.006588999236057971,26.390762260826932
event_4a72366689fc4ca7faf8c34b11ef01f48735b1076f537deaf78c01b22a12a3e1,2026-01-05T04:28:00Z,2026-01,volatility,XRP,AVAX|ADA|DOGE,0.0036683569839772237,0.004830294109652003,11.619371256747797
event_4a72366689fc4ca7faf8c34b11ef01f48735b1076f537deaf78c01b22a12a3e1,2026-01-05T04:28:00Z,2026-01,volatility,LINK,AVAX|ADA|DOGE,0.0036683569839772237,0.004636781031325006,9.684240473477827
event_71fb9b5247dae38baae285dd081f48e4b63e00ef220ebfb316c3a76ef2f4b6e6,2026-01-06T14:08:00Z,2026-01,volatility,ETH,LINK|ADA|AVAX,0.006851559653225257,0.00784185088986204,9.902912366367838
event_71fb9b5247dae38baae285dd081f48e4b63e00ef220ebfb316c3a76ef2f4b6e6,2026-01-06T14:08:00Z,2026-01,volatility,SOL,LINK|ADA|AVAX,0.006851559653225257,0.009385499015882526,25.339393626572694
event_71fb9b5247dae38baae285dd081f48e4b63e00ef220ebfb316c3a76ef2f4b6e6,2026-01-06T14:08:00Z,2026-01,volatility,XRP,LINK|ADA|AVAX,0.006851559653225257,0.007306197952506298,4.546382992810412
event_71fb9b5247dae38baae285dd081f48e4b63e00ef220ebfb316c3a76ef2f4b6e6,2026-01-06T14:08:00Z,2026-01,volatility,DOGE,LINK|ADA|AVAX,0.006851559653225257,0.013713699971923864,68.62140318698607
event_71fb9b5247dae38baae285dd081f48e4b63e00ef220ebfb316c3a76ef2f4b6e6,2026-01-06T14:08:00Z,2026-01,max_drawdown,ETH,LINK|ADA|AVAX,0.004726536124240397,0.004948578342407782,2.2204221816738476
event_71fb9b5247dae38baae285dd081f48e4b63e00ef220ebfb316c3a76ef2f4b6e6,2026-01-06T14:08:00Z,2026-01,max_drawdown,SOL,LINK|ADA|AVAX,0.004726536124240397,0.007342657342657422,26.16121218417025
event_71fb9b5247dae38baae285dd081f48e4b63e00ef220ebfb316c3a76ef2f4b6e6,2026-01-06T14:08:00Z,2026-01,max_drawdown,XRP,LINK|ADA|AVAX,0.004726536124240397,0.0053104745975329935,5.839384732925961
event_71fb9b5247dae38baae285dd081f48e4b63e00ef220ebfb316c3a76ef2f4b6e6,2026-01-06T14:08:00Z,2026-01,max_drawdown,DOGE,LINK|ADA|AVAX,0.004726536124240397,0.01669545192861256,119.6891580437216
event_71fb9b5247dae38baae285dd081f48e4b63e00ef220ebfb316c3a76ef2f4b6e6,2026-01-06T14:08:00Z,2026-01,max_drawdown,LTC,LINK|ADA|AVAX,0.004726536124240397,0.005774216356351578,10.476802321111807
event_cc92f5f4022942d5e697deaedbff943904794d6bee5c545ad94050748f41da02,2026-01-06T17:49:00Z,2026-01,volatility,ADA,LINK|XRP|DOGE,0.008783484208807684,0.00996968003639296,11.861958275852755
event_cc92f5f4022942d5e697deaedbff943904794d6bee5c545ad94050748f41da02,2026-01-06T17:49:00Z,2026-01,volatility,AVAX,LINK|XRP|DOGE,0.008783484208807684,0.012355128598921662,35.71644390113978
event_cc92f5f4022942d5e697deaedbff943904794d6bee5c545ad94050748f41da02,2026-01-06T17:49:00Z,2026-01,max_drawdown,ETH,LINK|XRP|DOGE,0.009024524662441483,0.009519048964423052,4.945243019815696
event_71fa5e5ea8d864cf5558047818ab59955ed5050ffd18d38b5c47669067a9b6dd,2026-01-06T21:14:00Z,2026-01,volatility,BTC,XRP|ADA|LINK,0.007276202832759426,0.007700514300542621,4.243114677831943
event_71fa5e5ea8d864cf5558047818ab59955ed5050ffd18d38b5c47669067a9b6dd,2026-01-06T21:14:00Z,2026-01,volatility,ETH,XRP|ADA|LINK,0.007276202832759426,0.008304545131259042,10.283422984996154
event_71fa5e5ea8d864cf5558047818ab59955ed5050ffd18d38b5c47669067a9b6dd,2026-01-06T21:14:00Z,2026-01,volatility,SOL,XRP|ADA|LINK,0.007276202832759426,0.010154327076586183,28.781242438267565
event_71fa5e5ea8d864cf5558047818ab59955ed5050ffd18d38b5c47669067a9b6dd,2026-01-06T21:14:00Z,2026-01,volatility,DOGE,XRP|ADA|LINK,0.007276202832759426,0.01169436670170641,44.18163868946983
event_71fa5e5ea8d864cf5558047818ab59955ed5050ffd18d38b5c47669067a9b6dd,2026-01-06T21:14:00Z,2026-01,volatility,AVAX,XRP|ADA|LINK,0.007276202832759426,0.012155696111913515,48.794932791540894
event_71fa5e5ea8d864cf5558047818ab59955ed5050ffd18d38b5c47669067a9b6dd,2026-01-06T21:14:00Z,2026-01,max_drawdown,BTC,XRP|ADA|LINK,0.0035501402524545133,0.004014384638479901,4.642443860253878
event_71fa5e5ea8d864cf5558047818ab59955ed5050ffd18d38b5c47669067a9b6dd,2026-01-06T21:14:00Z,2026-01,max_drawdown,SOL,XRP|ADA|LINK,0.0035501402524545133,0.006198056064234367,26.47915811779854
event_71fa5e5ea8d864cf5558047818ab59955ed5050ffd18d38b5c47669067a9b6dd,2026-01-06T21:14:00Z,2026-01,max_drawdown,DOGE,XRP|ADA|LINK,0.0035501402524545133,0.005237684810713951,16.875445582594377
event_71fa5e5ea8d864cf5558047818ab59955ed5050ffd18d38b5c47669067a9b6dd,2026-01-06T21:14:00Z,2026-01,max_drawdown,AVAX,XRP|ADA|LINK,0.0035501402524545133,0.008837525492862052,52.873852404075386
event_71fa5e5ea8d864cf5558047818ab59955ed5050ffd18d38b5c47669067a9b6dd,2026-01-06T21:14:00Z,2026-01,max_drawdown,LTC,XRP|ADA|LINK,0.0035501402524545133,0.003565909901343126,0.15769648888612658
event_cdc1d4cf4e35cb5900ad459e746f8d07982acf90bc7a2299d8f9a211ed9b57f5,2026-01-07T13:00:00Z,2026-01,volatility,XRP,ADA|AVAX|LTC,0.004464810312486027,0.005831261618334237,13.664513058482099
event_cdc1d4cf4e35cb5900ad459e746f8d07982acf90bc7a2299d8f9a211ed9b57f5,2026-01-07T13:00:00Z,2026-01,volatility,DOGE,ADA|AVAX|LTC,0.004464810312486027,0.00620550495514814,17.40694642662113
event_cdc1d4cf4e35cb5900ad459e746f8d07982acf90bc7a2299d8f9a211ed9b57f5,2026-01-07T13:00:00Z,2026-01,volatility,LINK,ADA|AVAX|LTC,0.004464810312486027,0.005443986479139553,9.79176166653526
event_cdc1d4cf4e35cb5900ad459e746f8d07982acf90bc7a2299d8f9a211ed9b57f5,2026-01-07T13:00:00Z,2026-01,max_drawdown,ETH,ADA|AVAX|LTC,0.003507923067618317,0.0038399114488436455,3.319883812253287
event_cdc1d4cf4e35cb5900ad459e746f8d07982acf90bc7a2299d8f9a211ed9b57f5,2026-01-07T13:00:00Z,2026-01,max_drawdown,SOL,ADA|AVAX|LTC,0.003507923067618317,0.003838076616699262,3.3015354908094534
event_cdc1d4cf4e35cb5900ad459e746f8d07982acf90bc7a2299d8f9a211ed9b57f5,2026-01-07T13:00:00Z,2026-01,max_drawdown,XRP,ADA|AVAX|LTC,0.003507923067618317,0.0054224632205875775,19.145401529692606
event_cdc1d4cf4e35cb5900ad459e746f8d07982acf90bc7a2299d8f9a211ed9b57f5,2026-01-07T13:00:00Z,2026-01,max_drawdown,DOGE,ADA|AVAX|LTC,0.003507923067618317,0.005393743257820895,18.858201902025783
event_cdc1d4cf4e35cb5900ad459e746f8d07982acf90bc7a2299d8f9a211ed9b57f5,2026-01-07T13:00:00Z,2026-01,max_drawdown,LINK,ADA|AVAX|LTC,0.003507923067618317,0.004389173372348244,8.812503047299272
event_d1b7aade1366eec0fcbd4c83ec5e1592de0e367e0368223d6cd5a41d94743633,2026-01-07T14:37:00Z,2026-01,volatility,XRP,ADA|DOGE|ETH,0.00879037697101844,0.009617531742360592,8.271547713421517
event_d1b7aade1366eec0fcbd4c83ec5e1592de0e367e0368223d6cd5a41d94743633,2026-01-07T14:37:00Z,2026-01,volatility,AVAX,ADA|DOGE|ETH,0.00879037697101844,0.00937686083422516,5.864838632067201
event_d1b7aade1366eec0fcbd4c83ec5e1592de0e367e0368223d6cd5a41d94743633,2026-01-07T14:37:00Z,2026-01,volatility,LINK,ADA|DOGE|ETH,0.00879037697101844,0.010455979375767591,16.656024047491513
event_d1b7aade1366eec0fcbd4c83ec5e1592de0e367e0368223d6cd5a41d94743633,2026-01-07T14:37:00Z,2026-01,max_drawdown,SOL,ADA|DOGE|ETH,0.010349025974025998,0.010858549297813814,5.095233237878156
event_d1b7aade1366eec0fcbd4c83ec5e1592de0e367e0368223d6cd5a41d94743633,2026-01-07T14:37:00Z,2026-01,max_drawdown,XRP,ADA|DOGE|ETH,0.010349025974025998,0.011231430105602147,8.824041315761491
event_d1b7aade1366eec0fcbd4c83ec5e1592de0e367e0368223d6cd5a41d94743633,2026-01-07T14:37:00Z,2026-01,max_drawdown,AVAX,ADA|DOGE|ETH,0.010349025974025998,0.011896431070678792,15.474050966527933
event_d1b7aade1366eec0fcbd4c83ec5e1592de0e367e0368223d6cd5a41d94743633,2026-01-07T14:37:00Z,2026-01,max_drawdown,LINK,ADA|DOGE|ETH,0.010349025974025998,0.012481644640234943,21.326186662089448
event_41f13ab765e35e826247616ce1bb4207da3ac6934b9fb8504ff6a6823d2e0d9d,2026-01-07T18:31:00Z,2026-01,volatility,XRP,LINK|ETH|DOGE,0.004349204337972156,0.004787240269205688,4.38035931233532
event_41f13ab765e35e826247616ce1bb4207da3ac6934b9fb8504ff6a6823d2e0d9d,2026-01-07T18:31:00Z,2026-01,volatility,ADA,LINK|ETH|DOGE,0.004349204337972156,0.0047174772462472035,3.682729082750474
event_41f13ab765e35e826247616ce1bb4207da3ac6934b9fb8504ff6a6823d2e0d9d,2026-01-07T18:31:00Z,2026-01,max_drawdown,BTC,LINK|ETH|DOGE,0.00739785530066518,0.007501519388512911,1.0366408784773067
event_41f13ab765e35e826247616ce1bb4207da3ac6934b9fb8504ff6a6823d2e0d9d,2026-01-07T18:31:00Z,2026-01,max_drawdown,XRP,LINK|ETH|DOGE,0.00739785530066518,0.008761973941072464,13.641186404072837
event_41f13ab765e35e826247616ce1bb4207da3ac6934b9fb8504ff6a6823d2e0d9d,2026-01-07T18:31:00Z,2026-01,max_drawdown,ADA,LINK|ETH|DOGE,0.00739785530066518,0.0083805767808726,9.827214802074195
event_cad3ea1e0b37d18a2ec45fb3be11659e64dc65e7619e626c98f59e3e0fec4df1,2026-01-08T06:06:00Z,2026-01,max_drawdown,ETH,DOGE|ADA|LINK,0.006001500375093779,0.007491293084494446,14.897927094006668
event_cad3ea1e0b37d18a2ec45fb3be11659e64dc65e7619e626c98f59e3e0fec4df1,2026-01-08T06:06:00Z,2026-01,max_drawdown,SOL,DOGE|ADA|LINK,0.006001500375093779,0.008520014689680474,25.18514314586695
event_cad3ea1e0b37d18a2ec45fb3be11659e64dc65e7619e626c98f59e3e0fec4df1,2026-01-08T06:06:00Z,2026-01,max_drawdown,BNB,DOGE|ADA|LINK,0.006001500375093779,0.011102770651041465,51.012702759476866
event_a0a6776fd1ebfe7a70339325c287c6b968e656dbe67e757ef81684199cf108ea,2026-01-08T11:21:00Z,2026-01,volatility,XRP,DOGE|ADA|AVAX,0.005247272208809381,0.006117320010027213,8.700478012178323
event_a0a6776fd1ebfe7a70339325c287c6b968e656dbe67e757ef81684199cf108ea,2026-01-08T11:21:00Z,2026-01,max_drawdown,ETH,DOGE|ADA|AVAX,0.0030792917628944803,0.003377134717264914,2.9784295437043378
event_a0a6776fd1ebfe7a70339325c287c6b968e656dbe67e757ef81684199cf108ea,2026-01-08T11:21:00Z,2026-01,max_drawdown,XRP,DOGE|ADA|AVAX,0.0030792917628944803,0.007432818753573498,43.53526990679018
event_a0a6776fd1ebfe7a70339325c287c6b968e656dbe67e757ef81684199cf108ea,2026-01-08T11:21:00Z,2026-01,max_drawdown,LINK,DOGE|ADA|AVAX,0.0030792917628944803,0.0037792894935752613,6.999977306807811
event_e0e2a84c6ffc0c6fd1121cd105754e366b4505e3c0a50d97a7c760046734a3d5,2026-01-09T01:30:00Z,2026-01,volatility,DOGE,ETH|LINK|ADA,0.007388604558166182,0.00752762859872275,1.3902404055656827
event_e0e2a84c6ffc0c6fd1121cd105754e366b4505e3c0a50d97a7c760046734a3d5,2026-01-09T01:30:00Z,2026-01,max_drawdown,XRP,ETH|LINK|ADA,0.011758819114335706,0.013835008179481117,20.761890651454106
event_e0e2a84c6ffc0c6fd1121cd105754e366b4505e3c0a50d97a7c760046734a3d5,2026-01-09T01:30:00Z,2026-01,max_drawdown,DOGE,ETH|LINK|ADA,0.011758819114335706,0.013819095477386809,20.602763630511028
event_369bd05f170538180a0a2d81bddbacb48ac826325a408e9f781d4da42c505615,2026-01-09T08:49:00Z,2026-01,volatility,SOL,XRP|AVAX|ADA,0.005110687201253164,0.006513507061856482,14.028198606033174
event_369bd05f170538180a0a2d81bddbacb48ac826325a408e9f781d4da42c505615,2026-01-09T08:49:00Z,2026-01,volatility,DOGE,XRP|AVAX|ADA,0.005110687201253164,0.005397257538276439,2.865703370232746
event_369bd05f170538180a0a2d81bddbacb48ac826325a408e9f781d4da42c505615,2026-01-09T08:49:00Z,2026-01,volatility,LINK,XRP|AVAX|ADA,0.005110687201253164,0.005477602252002072,3.6691505074890745
event_369bd05f170538180a0a2d81bddbacb48ac826325a408e9f781d4da42c505615,2026-01-09T08:49:00Z,2026-01,max_drawdown,SOL,XRP|AVAX|ADA,0.0021913805697589017,0.00439006836991713,21.986878001582287
event_369bd05f170538180a0a2d81bddbacb48ac826325a408e9f781d4da42c505615,2026-01-09T08:49:00Z,2026-01,max_drawdown,DOGE,XRP|AVAX|ADA,0.0021913805697589017,0.002770476664061955,5.7909609430305355
event_369bd05f170538180a0a2d81bddbacb48ac826325a408e9f781d4da42c505615,2026-01-09T08:49:00Z,2026-01,max_drawdown,LINK,XRP|AVAX|ADA,0.0021913805697589017,0.0030303030303029657,8.38922460544064
event_b7c102e00af846376d1b36e001b0c2a4eb8c9e9fbe293559aae94d5a3afcd0b3,2026-01-10T09:48:00Z,2026-01,max_drawdown,DOGE,AVAX|LINK|ADA,0.0021660649819494125,0.0023512646954043244,1.8519971345491195
event_e50b28d12389c40646d4fa5e85b958ee35e3bf0a955b8e0a73e4016bcea44ee1,2026-01-11T06:20:00Z,2026-01,max_drawdown,SOL,LINK|AVAX|ADA,0.001026430587631541,0.0011024547993532684,0.7602421172172744
event_e50b28d12389c40646d4fa5e85b958ee35e3bf0a955b8e0a73e4016bcea44ee1,2026-01-11T06:20:00Z,2026-01,max_drawdown,XRP,LINK|AVAX|ADA,0.001026430587631541,0.002008896541828087,9.824659541965463
event_e50b28d12389c40646d4fa5e85b958ee35e3bf0a955b8e0a73e4016bcea44ee1,2026-01-11T06:20:00Z,2026-01,max_drawdown,DOGE,LINK|AVAX|ADA,0.001026430587631541,0.002581570455360339,15.55139867728798
event_e50b28d12389c40646d4fa5e85b958ee35e3bf0a955b8e0a73e4016bcea44ee1,2026-01-11T06:20:00Z,2026-01,max_drawdown,LTC,LINK|AVAX|ADA,0.001026430587631541,0.001969230769230727,9.42800181599186
event_5318ccfe84bcb2cf7b460630af5a7ec1ead660ac55fd8a27fe01527a024dd34d,2026-01-11T08:57:00Z,2026-01,max_drawdown,SOL,LINK|ADA|AVAX,0.001781170483460646,0.0024842905158556435,7.0312003239499745
event_5318ccfe84bcb2cf7b460630af5a7ec1ead660ac55fd8a27fe01527a024dd34d,2026-01-11T08:57:00Z,2026-01,max_drawdown,BNB,LINK|ADA|AVAX,0.001781170483460646,0.002682485333565877,9.013148501052308
event_5318ccfe84bcb2cf7b460630af5a7ec1ead660ac55fd8a27fe01527a024dd34d,2026-01-11T08:57:00Z,2026-01,max_drawdown,LTC,LINK|ADA|AVAX,0.001781170483460646,0.0022121174880177807,4.309470045571347
event_dc652996b19e2a3c7bc991374d6b1b19c7dd60871fb1f222b6259c228e4f7b04,2026-01-11T12:47:00Z,2026-01,volatility,DOGE,LINK|ADA|AVAX,0.0034563371250806844,0.003677840621599011,2.215034965183265
event_dc652996b19e2a3c7bc991374d6b1b19c7dd60871fb1f222b6259c228e4f7b04,2026-01-11T12:47:00Z,2026-01,max_drawdown,DOGE,LINK|ADA|AVAX,0.0021613832853026754,0.00354283284914618,13.814495638435048
event_dc652996b19e2a3c7bc991374d6b1b19c7dd60871fb1f222b6259c228e4f7b04,2026-01-11T12:47:00Z,2026-01,max_drawdown,LTC,LINK|ADA|AVAX,0.0021613832853026754,0.002336735948837753,1.7535266353507772
event_f0c900c9e15f7028dff6f22937a770c6b41573aba7baafb88174e9a861b61580,2026-01-11T14:56:00Z,2026-01,volatility,SOL,AVAX|LINK|ADA,0.004261441047167275,0.006273727898287103,20.122868511198284
event_f0c900c9e15f7028dff6f22937a770c6b41573aba7baafb88174e9a861b61580,2026-01-11T14:56:00Z,2026-01,volatility,DOGE,AVAX|LINK|ADA,0.004261441047167275,0.0043813249002131426,1.1988385304586777
event_f0c900c9e15f7028dff6f22937a770c6b41573aba7baafb88174e9a861b61580,2026-01-11T14:56:00Z,2026-01,max_drawdown,SOL,AVAX|LINK|ADA,0.00451807228915653,0.006676238334529841,21.581660453733107
event_f0c900c9e15f7028dff6f22937a770c6b41573aba7baafb88174e9a861b61580,2026-01-11T14:56:00Z,2026-01,max_drawdown,BNB,AVAX|LINK|ADA,0.00451807228915653,0.004809799281269158,2.917269921126281
event_f0c900c9e15f7028dff6f22937a770c6b41573aba7baafb88174e9a861b61580,2026-01-11T14:56:00Z,2026-01,max_drawdown,XRP,AVAX|LINK|ADA,0.00451807228915653,0.004788545420064479,2.704731309079488
event_f0c900c9e15f7028dff6f22937a770c6b41573aba7baafb88174e9a861b61580,2026-01-11T14:56:00Z,2026-01,max_drawdown,DOGE,AVAX|LINK|ADA,0.00451807228915653,0.00850822461712994,39.90152327973409
event_327d884b042a4aa197292fbc10e1c4a44f3b981ffd86363a0c6ada27d6d961c3,2026-01-11T16:32:00Z,2026-01,volatility,LINK,SOL|DOGE|ADA,0.004652143455438139,0.005173550134766416,5.214066793282771
event_f595a64fc07b96d382d8cd663367b3748f7acdf3cd9ce67dab26e5a2326ab8aa,2026-01-11T20:06:00Z,2026-01,volatility,ADA,XRP|SOL|LINK,0.005485138780696638,0.005525574957583007,0.40436176886368863
event_f595a64fc07b96d382d8cd663367b3748f7acdf3cd9ce67dab26e5a2326ab8aa,2026-01-11T20:06:00Z,2026-01,volatility,AVAX,XRP|SOL|LINK,0.005485138780696638,0.006085530211110719,6.003914304140807
event_f595a64fc07b96d382d8cd663367b3748f7acdf3cd9ce67dab26e5a2326ab8aa,2026-01-11T20:06:00Z,2026-01,max_drawdown,DOGE,XRP|SOL|LINK,0.004548900682335005,0.005262003946502948,7.1310326416794325
event_f595a64fc07b96d382d8cd663367b3748f7acdf3cd9ce67dab26e5a2326ab8aa,2026-01-11T20:06:00Z,2026-01,max_drawdown,ADA,XRP|SOL|LINK,0.004548900682335005,0.006931964056482762,23.830633741477566
event_f595a64fc07b96d382d8cd663367b3748f7acdf3cd9ce67dab26e5a2326ab8aa,2026-01-11T20:06:00Z,2026-01,max_drawdown,AVAX,XRP|SOL|LINK,0.004548900682335005,0.007994186046511587,34.45285364176581
event_27630926bc608876345fa925798457c306357a089fa6249995ccf69d1ab8750b,2026-01-12T12:57:00Z,2026-01,volatility,ADA,LTC|AVAX|LINK,0.004858541939588864,0.004960269615017693,1.0172767542882857
event_27630926bc608876345fa925798457c306357a089fa6249995ccf69d1ab8750b,2026-01-12T12:57:00Z,2026-01,max_drawdown,BNB,LTC|AVAX|LINK,0.004555808656036484,0.004695667582174192,1.3985892613770785
event_27630926bc608876345fa925798457c306357a089fa6249995ccf69d1ab8750b,2026-01-12T12:57:00Z,2026-01,max_drawdown,ADA,LTC|AVAX|LINK,0.004555808656036484,0.00827300930713542,37.17200651098936
event_a2251645514c7ec05a720ae8b242c7db02d04c76da09f7ebf4cdbef37bdb8132,2026-01-13T13:33:00Z,2026-01,volatility,DOGE,SOL|AVAX|ADA,0.006476146232709578,0.006854168711021126,3.7802247831154876
event_a2251645514c7ec05a720ae8b242c7db02d04c76da09f7ebf4cdbef37bdb8132,2026-01-13T13:33:00Z,2026-01,volatility,LINK,SOL|AVAX|ADA,0.006476146232709578,0.006861141102035031,3.8499486932545324
event_a2251645514c7ec05a720ae8b242c7db02d04c76da09f7ebf4cdbef37bdb8132,2026-01-13T13:33:00Z,2026-01,max_drawdown,BTC,SOL|AVAX|ADA,0.00431344356578005,0.0075183860244717226,32.04942458691673
event_a2251645514c7ec05a720ae8b242c7db02d04c76da09f7ebf4cdbef37bdb8132,2026-01-13T13:33:00Z,2026-01,max_drawdown,ETH,SOL|AVAX|ADA,0.00431344356578005,0.006350514157146693,20.370705913666434
event_a2251645514c7ec05a720ae8b242c7db02d04c76da09f7ebf4cdbef37bdb8132,2026-01-13T13:33:00Z,2026-01,max_drawdown,XRP,SOL|AVAX|ADA,0.00431344356578005,0.006689446075364562,23.76002509584512
event_a2251645514c7ec05a720ae8b242c7db02d04c76da09f7ebf4cdbef37bdb8132,2026-01-13T13:33:00Z,2026-01,max_drawdown,DOGE,SOL|AVAX|ADA,0.00431344356578005,0.009112265964262855,47.98822398482805
event_a2251645514c7ec05a720ae8b242c7db02d04c76da09f7ebf4cdbef37bdb8132,2026-01-13T13:33:00Z,2026-01,max_drawdown,LINK,SOL|AVAX|ADA,0.00431344356578005,0.006721433905899915,24.07990340119865
event_a2251645514c7ec05a720ae8b242c7db02d04c76da09f7ebf4cdbef37bdb8132,2026-01-13T13:33:00Z,2026-01,max_drawdown,LTC,SOL|AVAX|ADA,0.00431344356578005,0.00833116375943747,40.17720193657421
event_396167670e3132db1a3ced574f9778acfd0d498f6a11bd084cc6277dde334f72,2026-01-13T22:08:00Z,2026-01,volatility,BTC,ADA|DOGE|XRP,0.014460149955759692,0.015319015134772134,8.588651790124423
event_396167670e3132db1a3ced574f9778acfd0d498f6a11bd084cc6277dde334f72,2026-01-13T22:08:00Z,2026-01,volatility,ETH,ADA|DOGE|XRP,0.014460149955759692,0.0248857348253975,104.25584869637808
event_396167670e3132db1a3ced574f9778acfd0d498f6a11bd084cc6277dde334f72,2026-01-13T22:08:00Z,2026-01,volatility,SOL,ADA|DOGE|XRP,0.014460149955759692,0.01886886582598763,44.08715870227939
event_396167670e3132db1a3ced574f9778acfd0d498f6a11bd084cc6277dde334f72,2026-01-13T22:08:00Z,2026-01,volatility,LTC,ADA|DOGE|XRP,0.014460149955759692,0.015893109728266443,14.329597725067506
event_396167670e3132db1a3ced574f9778acfd0d498f6a11bd084cc6277dde334f72,2026-01-13T22:08:00Z,2026-01,max_drawdown,ETH,ADA|DOGE|XRP,0.00843745677532389,0.01359154277452676,51.54085999202871
event_396167670e3132db1a3ced574f9778acfd0d498f6a11bd084cc6277dde334f72,2026-01-13T22:08:00Z,2026-01,max_drawdown,SOL,ADA|DOGE|XRP,0.00843745677532389,0.00962777137433057,11.903145990066808
event_396167670e3132db1a3ced574f9778acfd0d498f6a11bd084cc6277dde334f72,2026-01-13T22:08:00Z,2026-01,max_drawdown,BNB,ADA|DOGE|XRP,0.00843745677532389,0.010721974271462363,22.84517496138474
event_396167670e3132db1a3ced574f9778acfd0d498f6a11bd084cc6277dde334f72,2026-01-13T22:08:00Z,2026-01,max_drawdown,LTC,ADA|DOGE|XRP,0.00843745677532389,0.010082961072112215,16.455042967883255
event_aae6fde7106efd4d7b25f148b75ad4417876f267314e146ea979c0553c3194cb,2026-01-14T04:12:00Z,2026-01,max_drawdown,XRP,LTC|LINK|ADA,0.004223369310183069,0.004593899301727412,3.7052999154434367
event_37972e3ec22186a6b3afae80c6d33c76c2b2241c83219be8d9c9581fc432c00a,2026-01-14T10:23:00Z,2026-01,volatility,ADA,LTC|LINK|AVAX,0.004019917266155733,0.004578352767164941,5.584355010092076
event_37972e3ec22186a6b3afae80c6d33c76c2b2241c83219be8d9c9581fc432c00a,2026-01-14T10:23:00Z,2026-01,max_drawdown,SOL,LTC|LINK|AVAX,0.0028510334996435602,0.0028941565600883123,0.43123060444752015
event_37972e3ec22186a6b3afae80c6d33c76c2b2241c83219be8d9c9581fc432c00a,2026-01-14T10:23:00Z,2026-01,max_drawdown,XRP,LTC|LINK|AVAX,0.0028510334996435602,0.003272251308900578,4.21217809257018
event_37972e3ec22186a6b3afae80c6d33c76c2b2241c83219be8d9c9581fc432c00a,2026-01-14T10:23:00Z,2026-01,max_drawdown,DOGE,LTC|LINK|AVAX,0.0028510334996435602,0.003048780487804918,1.977469881613578
event_37972e3ec22186a6b3afae80c6d33c76c2b2241c83219be8d9c9581fc432c00a,2026-01-14T10:23:00Z,2026-01,max_drawdown,ADA,LTC|LINK|AVAX,0.0028510334996435602,0.0033373063170439973,4.862728174004371
event_8d0946c50be0e0aaca218a2fcb6ab57003ad982876e874925b4cf58456895bb7,2026-01-15T03:28:00Z,2026-01,volatility,XRP,LTC|ADA|DOGE,0.004689505562283915,0.0047129035379082215,0.2339797562430669
event_8d0946c50be0e0aaca218a2fcb6ab57003ad982876e874925b4cf58456895bb7,2026-01-15T03:28:00Z,2026-01,volatility,AVAX,LTC|ADA|DOGE,0.004689505562283915,0.006209114458120235,15.196088958363205
event_8d0946c50be0e0aaca218a2fcb6ab57003ad982876e874925b4cf58456895bb7,2026-01-15T03:28:00Z,2026-01,volatility,LINK,LTC|ADA|DOGE,0.004689505562283915,0.006760732602293422,20.712270400095072
event_8d0946c50be0e0aaca218a2fcb6ab57003ad982876e874925b4cf58456895bb7,2026-01-15T03:28:00Z,2026-01,max_drawdown,ETH,LTC|ADA|DOGE,0.004259181678536513,0.005656670991524181,13.97489312987668
event_8d0946c50be0e0aaca218a2fcb6ab57003ad982876e874925b4cf58456895bb7,2026-01-15T03:28:00Z,2026-01,max_drawdown,SOL,LTC|ADA|DOGE,0.004259181678536513,0.004378040305767863,1.1885862723134966
event_8d0946c50be0e0aaca218a2fcb6ab57003ad982876e874925b4cf58456895bb7,2026-01-15T03:28:00Z,2026-01,max_drawdown,AVAX,LTC|ADA|DOGE,0.004259181678536513,0.006329113924050622,20.69932245514109
event_8d0946c50be0e0aaca218a2fcb6ab57003ad982876e874925b4cf58456895bb7,2026-01-15T03:28:00Z,2026-01,max_drawdown,LINK,LTC|ADA|DOGE,0.004259181678536513,0.005788712011577429,15.295303330409155
event_8d4fc2530809f5e0c33142fd92412aca4c65843e1485ca4d73f7197f1e96fc76,2026-01-17T14:33:00Z,2026-01,volatility,XRP,AVAX|LINK|LTC,0.00268021935778786,0.0028128096467683597,1.3259028898049983
event_8d4fc2530809f5e0c33142fd92412aca4c65843e1485ca4d73f7197f1e96fc76,2026-01-17T14:33:00Z,2026-01,volatility,ADA,AVAX|LINK|LTC,0.00268021935778786,0.005125070478707087,24.44851120919227
event_8d4fc2530809f5e0c33142fd92412aca4c65843e1485ca4d73f7197f1e96fc76,2026-01-17T14:33:00Z,2026-01,max_drawdown,BTC,AVAX|LINK|LTC,0.0013331555792562128,0.0013370230732251472,0.03867493968934396
event_8d4fc2530809f5e0c33142fd92412aca4c65843e1485ca4d73f7197f1e96fc76,2026-01-17T14:33:00Z,2026-01,max_drawdown,SOL,AVAX|LINK|LTC,0.0013331555792562128,0.002704014421410153,13.708588421539403
event_8d4fc2530809f5e0c33142fd92412aca4c65843e1485ca4d73f7197f1e96fc76,2026-01-17T14:33:00Z,2026-01,max_drawdown,XRP,AVAX|LINK|LTC,0.0013331555792562128,0.0025019245573517476,11.687689780955349
event_8d4fc2530809f5e0c33142fd92412aca4c65843e1485ca4d73f7197f1e96fc76,2026-01-17T14:33:00Z,2026-01,max_drawdown,DOGE,AVAX|LINK|LTC,0.0013331555792562128,0.0015886770652801703,2.555214860239575
event_8d4fc2530809f5e0c33142fd92412aca4c65843e1485ca4d73f7197f1e96fc76,2026-01-17T14:33:00Z,2026-01,max_drawdown,ADA,AVAX|LINK|LTC,0.0013331555792562128,0.0039830719442369685,26.499163649807556
event_eaeca627b63df9364a468bfee848b1edf730e3c28114813d5ea3ff996c86a4fc,2026-01-17T15:54:00Z,2026-01,volatility,DOGE,BNB|LINK|AVAX,0.004128307053107994,0.007330881547197822,32.02574494089828
event_eaeca627b63df9364a468bfee848b1edf730e3c28114813d5ea3ff996c86a4fc,2026-01-17T15:54:00Z,2026-01,volatility,ADA,BNB|LINK|AVAX,0.004128307053107994,0.006276062568662041,21.47755515554047
event_eaeca627b63df9364a468bfee848b1edf730e3c28114813d5ea3ff996c86a4fc,2026-01-17T15:54:00Z,2026-01,max_drawdown,DOGE,BNB|LINK|AVAX,0.005755395683453243,0.00793027077230835,21.74875088855108
event_eaeca627b63df9364a468bfee848b1edf730e3c28114813d5ea3ff996c86a4fc,2026-01-17T15:54:00Z,2026-01,max_drawdown,ADA,BNB|LINK|AVAX,0.005755395683453243,0.00767516712057438,19.19771437121137
event_eaeca627b63df9364a468bfee848b1edf730e3c28114813d5ea3ff996c86a4fc,2026-01-17T15:54:00Z,2026-01,max_drawdown,LTC,BNB|LINK|AVAX,0.005755395683453243,0.006537691794529807,7.822961110765647
event_0220a4860ee7e507fc48b72ee440b7f34e5eae98f4146723e9a281a312f8a40a,2026-01-17T22:39:00Z,2026-01,volatility,BNB,LTC|ADA|DOGE,0.003065030350084728,0.0036746522535058925,6.096219034211646
event_0220a4860ee7e507fc48b72ee440b7f34e5eae98f4146723e9a281a312f8a40a,2026-01-17T22:39:00Z,2026-01,volatility,AVAX,LTC|ADA|DOGE,0.003065030350084728,0.0036136998927189523,5.486695426342243
event_0220a4860ee7e507fc48b72ee440b7f34e5eae98f4146723e9a281a312f8a40a,2026-01-17T22:39:00Z,2026-01,volatility,LINK,LTC|ADA|DOGE,0.003065030350084728,0.0045861847321755885,15.211543820908606
event_0220a4860ee7e507fc48b72ee440b7f34e5eae98f4146723e9a281a312f8a40a,2026-01-17T22:39:00Z,2026-01,max_drawdown,BNB,LTC|ADA|DOGE,0.0020042757883485525,0.003445332996175345,14.410572078267926
event_0220a4860ee7e507fc48b72ee440b7f34e5eae98f4146723e9a281a312f8a40a,2026-01-17T22:39:00Z,2026-01,max_drawdown,XRP,LTC|ADA|DOGE,0.0020042757883485525,0.0020353767870123487,0.3110099866379624
event_0220a4860ee7e507fc48b72ee440b7f34e5eae98f4146723e9a281a312f8a40a,2026-01-17T22:39:00Z,2026-01,max_drawdown,AVAX,LTC|ADA|DOGE,0.0020042757883485525,0.0021802325581394884,1.7595676979093597
event_0220a4860ee7e507fc48b72ee440b7f34e5eae98f4146723e9a281a312f8a40a,2026-01-17T22:39:00Z,2026-01,max_drawdown,LINK,LTC|ADA|DOGE,0.0020042757883485525,0.003644314868804716,16.40039080456164
event_ba2c6810ea3e306fe6580057d2aac21209d00a13c76cf760368585b4d2aaa7ac,2026-01-18T10:05:00Z,2026-01,volatility,AVAX,LTC|LINK|ADA,0.0028915849414630707,0.0029253898533051904,0.33804911842119734
event_ba2c6810ea3e306fe6580057d2aac21209d00a13c76cf760368585b4d2aaa7ac,2026-01-18T10:05:00Z,2026-01,max_drawdown,DOGE,LTC|LINK|ADA,0.0014503263234227394,0.0014561339643247597,0.05807640902020291
event_ba2c6810ea3e306fe6580057d2aac21209d00a13c76cf760368585b4d2aaa7ac,2026-01-18T10:05:00Z,2026-01,max_drawdown,AVAX,LTC|LINK|ADA,0.0014503263234227394,0.0022010271460015506,7.5070082257881126
event_1654ebde447fff32b8896b604adc1cc49d73285b4706d156ed49a61a3f207b48,2026-01-18T18:29:00Z,2026-01,volatility,DOGE,ETH|ADA|AVAX,0.0030721691577351817,0.0032072829692957063,1.3511381156052458
event_1654ebde447fff32b8896b604adc1cc49d73285b4706d156ed49a61a3f207b48,2026-01-18T18:29:00Z,2026-01,volatility,LINK,ETH|ADA|AVAX,0.0030721691577351817,0.004719594684654427,16.474255269192447
event_1654ebde447fff32b8896b604adc1cc49d73285b4706d156ed49a61a3f207b48,2026-01-18T18:29:00Z,2026-01,volatility,LTC,ETH|ADA|AVAX,0.0030721691577351817,0.004451855882322788,13.796867245876063
event_1654ebde447fff32b8896b604adc1cc49d73285b4706d156ed49a61a3f207b48,2026-01-18T18:29:00Z,2026-01,max_drawdown,BNB,ETH|ADA|AVAX,0.001588498675756217,0.00176279865271812,1.7429997696190302
event_1654ebde447fff32b8896b604adc1cc49d73285b4706d156ed49a61a3f207b48,2026-01-18T18:29:00Z,2026-01,max_drawdown,XRP,ETH|ADA|AVAX,0.001588498675756217,0.0021809722289534857,5.924735531972686
event_1654ebde447fff32b8896b604adc1cc49d73285b4706d156ed49a61a3f207b48,2026-01-18T18:29:00Z,2026-01,max_drawdown,DOGE,ETH|ADA|AVAX,0.001588498675756217,0.002396514161220022,8.080154854638048
event_1654ebde447fff32b8896b604adc1cc49d73285b4706d156ed49a61a3f207b48,2026-01-18T18:29:00Z,2026-01,max_drawdown,LINK,ETH|ADA|AVAX,0.001588498675756217,0.0036049026676278975,20.164039918716803
event_1654ebde447fff32b8896b604adc1cc49d73285b4706d156ed49a61a3f207b48,2026-01-18T18:29:00Z,2026-01,max_drawdown,LTC,ETH|ADA|AVAX,0.001588498675756217,0.002251357436101201,6.628587603449839
event_63ebb514067b74978b271ce4aa1fb15b4caaef9bf9ae50b160f7d77745651cd9,2026-01-18T23:04:00Z,2026-01,volatility,DOGE,ADA|LINK|LTC,0.011945556467419252,0.020131930148681393,81.86373681262141
event_63ebb514067b74978b271ce4aa1fb15b4caaef9bf9ae50b160f7d77745651cd9,2026-01-18T23:04:00Z,2026-01,volatility,AVAX,ADA|LINK|LTC,0.011945556467419252,0.012599973658312953,6.5441719089370105
event_63ebb514067b74978b271ce4aa1fb15b4caaef9bf9ae50b160f7d77745651cd9,2026-01-18T23:04:00Z,2026-01,max_drawdown,SOL,ADA|LINK|LTC,0.015272727272727335,0.017790591378946636,25.178641062193005
event_63ebb514067b74978b271ce4aa1fb15b4caaef9bf9ae50b160f7d77745651cd9,2026-01-18T23:04:00Z,2026-01,max_drawdown,XRP,ADA|LINK|LTC,0.015272727272727335,0.01578870425417864,5.159769814513052
event_63ebb514067b74978b271ce4aa1fb15b4caaef9bf9ae50b160f7d77745651cd9,2026-01-18T23:04:00Z,2026-01,max_drawdown,DOGE,ADA|LINK|LTC,0.015272727272727335,0.025051124744376197,97.78397471648861
event_63ebb514067b74978b271ce4aa1fb15b4caaef9bf9ae50b160f7d77745651cd9,2026-01-18T23:04:00Z,2026-01,max_drawdown,AVAX,ADA|LINK|LTC,0.015272727272727335,0.02342606149341144,81.53334220684107
event_3942a939122ea25b490ab87b2ab72ce4ea6837a42e3555a1448e89c9cb34f3a2,2026-01-19T00:01:00Z,2026-01,volatility,XRP,ADA|DOGE|LTC,0.04184484495671949,0.04540076338310718,35.55918426387694
event_3942a939122ea25b490ab87b2ab72ce4ea6837a42e3555a1448e89c9cb34f3a2,2026-01-19T00:01:00Z,2026-01,volatility,AVAX,ADA|DOGE|LTC,0.04184484495671949,0.043583826508975375,17.389815522558873
event_3942a939122ea25b490ab87b2ab72ce4ea6837a42e3555a1448e89c9cb34f3a2,2026-01-19T00:01:00Z,2026-01,max_drawdown,XRP,ADA|DOGE|LTC,0.03655761024182067,0.04008427976771677,35.26669525896101
event_56f91a9b7f74279a89bf7129e65118ad3e18998881a60be7a902fd93217f4760,2026-01-19T08:21:00Z,2026-01,volatility,XRP,AVAX|ADA|DOGE,0.004637487080691029,0.005094497180136587,4.570100994455576
event_56f91a9b7f74279a89bf7129e65118ad3e18998881a60be7a902fd93217f4760,2026-01-19T08:21:00Z,2026-01,volatility,LINK,AVAX|ADA|DOGE,0.004637487080691029,0.004795667809418616,1.581807287275869
event_56f91a9b7f74279a89bf7129e65118ad3e18998881a60be7a902fd93217f4760,2026-01-19T08:21:00Z,2026-01,volatility,LTC,AVAX|ADA|DOGE,0.004637487080691029,0.00864770742573103,40.102203450400005
event_56f91a9b7f74279a89bf7129e65118ad3e18998881a60be7a902fd93217f4760,2026-01-19T08:21:00Z,2026-01,max_drawdown,LTC,AVAX|ADA|DOGE,0.005437737901033175,0.013054463784390688,76.16725883357513
event_9450b40f521cc9ccc57291792b30c18b635ceed68ea03c0f34672ab2488a6faa,2026-01-19T22:14:00Z,2026-01,volatility,SOL,ADA|ETH|LINK,0.0037886618000646014,0.006746665810344601,29.580040102799998
event_9450b40f521cc9ccc57291792b30c18b635ceed68ea03c0f34672ab2488a6faa,2026-01-19T22:14:00Z,2026-01,volatility,XRP,ADA|ETH|LINK,0.0037886618000646014,0.006556089298540238,27.674274984756366
event_9450b40f521cc9ccc57291792b30c18b635ceed68ea03c0f34672ab2488a6faa,2026-01-19T22:14:00Z,2026-01,volatility,DOGE,ADA|ETH|LINK,0.0037886618000646014,0.00508838803207764,12.997262320130387
event_9450b40f521cc9ccc57291792b30c18b635ceed68ea03c0f34672ab2488a6faa,2026-01-19T22:14:00Z,2026-01,volatility,AVAX,ADA|ETH|LINK,0.0037886618000646014,0.005612202163960596,18.235403638959948
event_9450b40f521cc9ccc57291792b30c18b635ceed68ea03c0f34672ab2488a6faa,2026-01-19T22:14:00Z,2026-01,volatility,LTC,ADA|ETH|LINK,0.0037886618000646014,0.005261334619509259,14.72672819444658
event_9450b40f521cc9ccc57291792b30c18b635ceed68ea03c0f34672ab2488a6faa,2026-01-19T22:14:00Z,2026-01,max_drawdown,SOL,ADA|ETH|LINK,0.0033013476350204182,0.007903370116313766,46.02022481293348
event_9450b40f521cc9ccc57291792b30c18b635ceed68ea03c0f34672ab2488a6faa,2026-01-19T22:14:00Z,2026-01,max_drawdown,XRP,ADA|ETH|LINK,0.0033013476350204182,0.0066596565019278395,33.583088669074215
event_9450b40f521cc9ccc57291792b30c18b635ceed68ea03c0f34672ab2488a6faa,2026-01-19T22:14:00Z,2026-01,max_drawdown,DOGE,ADA|ETH|LINK,0.0033013476350204182,0.00579508576726936,24.93738132248942
event_9450b40f521cc9ccc57291792b30c18b635ceed68ea03c0f34672ab2488a6faa,2026-01-19T22:14:00Z,2026-01,max_drawdown,AVAX,ADA|ETH|LINK,0.0033013476350204182,0.004705882352941215,14.045347179207969
event_9450b40f521cc9ccc57291792b30c18b635ceed68ea03c0f34672ab2488a6faa,2026-01-19T22:14:00Z,2026-01,max_drawdown,LTC,ADA|ETH|LINK,0.0033013476350204182,0.006439871202576059,31.38523567555641
event_b6c07f9f46496e105b32c0435ea83dd97728f472e055054cd6029984844ad2b5,2026-01-19T22:34:00Z,2026-01,volatility,LTC,ADA|XRP|SOL,0.006296919409648246,0.006903900708999829,6.069812993515829
event_b6c07f9f46496e105b32c0435ea83dd97728f472e055054cd6029984844ad2b5,2026-01-19T22:34:00Z,2026-01,max_drawdown,BTC,ADA|XRP|SOL,0.004069451980466634,0.004465442955233804,3.9599097476717033
event_b6c07f9f46496e105b32c0435ea83dd97728f472e055054cd6029984844ad2b5,2026-01-19T22:34:00Z,2026-01,max_drawdown,ETH,ADA|XRP|SOL,0.004069451980466634,0.007442202842135509,33.72750861668875
event_b6c07f9f46496e105b32c0435ea83dd97728f472e055054cd6029984844ad2b5,2026-01-19T22:34:00Z,2026-01,max_drawdown,BNB,ADA|XRP|SOL,0.004069451980466634,0.004486146994281612,4.166950138149777
event_b6c07f9f46496e105b32c0435ea83dd97728f472e055054cd6029984844ad2b5,2026-01-19T22:34:00Z,2026-01,max_drawdown,AVAX,ADA|XRP|SOL,0.004069451980466634,0.004720692368214044,6.512403877474097
event_b6c07f9f46496e105b32c0435ea83dd97728f472e055054cd6029984844ad2b5,2026-01-19T22:34:00Z,2026-01,max_drawdown,LINK,ADA|XRP|SOL,0.004069451980466634,0.004662004662004563,5.925526815379291
event_b6c07f9f46496e105b32c0435ea83dd97728f472e055054cd6029984844ad2b5,2026-01-19T22:34:00Z,2026-01,max_drawdown,LTC,ADA|XRP|SOL,0.004069451980466634,0.010545556805399325,64.7610482493269
event_73aee6298d30b7e0b08eb41ea6407b121c7cc3b3037bd33065c8e28f96941cde,2026-01-20T06:18:00Z,2026-01,volatility,DOGE,ETH|LTC|LINK,0.006554544481237485,0.006846064944946577,2.915204637090928
event_73aee6298d30b7e0b08eb41ea6407b121c7cc3b3037bd33065c8e28f96941cde,2026-01-20T06:18:00Z,2026-01,max_drawdown,DOGE,ETH|LTC|LINK,0.005539772727272735,0.005959849435382551,4.200767081098157
event_752c96935cbcc0f6ecb9bffb54e2c4d8d4be6da6e4785b72369939b4cd85d5e8,2026-01-20T08:14:00Z,2026-01,volatility,ETH,SOL|LTC|ADA,0.005688212224033454,0.005934116015607271,2.4590379157381737
event_752c96935cbcc0f6ecb9bffb54e2c4d8d4be6da6e4785b72369939b4cd85d5e8,2026-01-20T08:14:00Z,2026-01,volatility,XRP,SOL|LTC|ADA,0.005688212224033454,0.006953718233302297,12.65506009268843
event_752c96935cbcc0f6ecb9bffb54e2c4d8d4be6da6e4785b72369939b4cd85d5e8,2026-01-20T08:14:00Z,2026-01,volatility,DOGE,SOL|LTC|ADA,0.005688212224033454,0.006589257970493128,9.01045746459674
event_752c96935cbcc0f6ecb9bffb54e2c4d8d4be6da6e4785b72369939b4cd85d5e8,2026-01-20T08:14:00Z,2026-01,volatility,AVAX,SOL|LTC|ADA,0.005688212224033454,0.006674024829698279,9.858126056648247
event_752c96935cbcc0f6ecb9bffb54e2c4d8d4be6da6e4785b72369939b4cd85d5e8,2026-01-20T08:14:00Z,2026-01,volatility,LINK,SOL|LTC|ADA,0.005688212224033454,0.005787281510644839,0.9906928661138504
event_752c96935cbcc0f6ecb9bffb54e2c4d8d4be6da6e4785b72369939b4cd85d5e8,2026-01-20T08:14:00Z,2026-01,max_drawdown,ETH,SOL|LTC|ADA,0.007333908541846492,0.00920747641948604,18.73567877639548
event_752c96935cbcc0f6ecb9bffb54e2c4d8d4be6da6e4785b72369939b4cd85d5e8,2026-01-20T08:14:00Z,2026-01,max_drawdown,XRP,SOL|LTC|ADA,0.007333908541846492,0.011067071601379562,37.331630595330694
event_752c96935cbcc0f6ecb9bffb54e2c4d8d4be6da6e4785b72369939b4cd85d5e8,2026-01-20T08:14:00Z,2026-01,max_drawdown,DOGE,SOL|LTC|ADA,0.007333908541846492,0.010027635215160055,26.937266733135626
event_752c96935cbcc0f6ecb9bffb54e2c4d8d4be6da6e4785b72369939b4cd85d5e8,2026-01-20T08:14:00Z,2026-01,max_drawdown,AVAX,SOL|LTC|ADA,0.007333908541846492,0.011942675159235697,46.08766617389205
event_752c96935cbcc0f6ecb9bffb54e2c4d8d4be6da6e4785b72369939b4cd85d5e8,2026-01-20T08:14:00Z,2026-01,max_drawdown,LINK,SOL|LTC|ADA,0.007333908541846492,0.009508716323296293,21.748077814498007
event_6235cb6ca7324ceb68c1fdab1e3b7a3c0234705b57a0de4c88bfc45d9aacac79,2026-01-20T22:34:00Z,2026-01,volatility,ETH,LTC|AVAX|BTC,0.007382548612285686,0.010092890086282636,27.1034147399695
event_6235cb6ca7324ceb68c1fdab1e3b7a3c0234705b57a0de4c88bfc45d9aacac79,2026-01-20T22:34:00Z,2026-01,volatility,SOL,LTC|AVAX|BTC,0.007382548612285686,0.010177902000080301,27.953533877946153
event_6235cb6ca7324ceb68c1fdab1e3b7a3c0234705b57a0de4c88bfc45d9aacac79,2026-01-20T22:34:00Z,2026-01,volatility,BNB,LTC|AVAX|BTC,0.007382548612285686,0.00785104546055633,4.684968482706443
event_6235cb6ca7324ceb68c1fdab1e3b7a3c0234705b57a0de4c88bfc45d9aacac79,2026-01-20T22:34:00Z,2026-01,volatility,XRP,LTC|AVAX|BTC,0.007382548612285686,0.008895007855837337,15.12459243551651
event_6235cb6ca7324ceb68c1fdab1e3b7a3c0234705b57a0de4c88bfc45d9aacac79,2026-01-20T22:34:00Z,2026-01,volatility,DOGE,LTC|AVAX|BTC,0.007382548612285686,0.00932963449400834,19.470858817226535
event_6235cb6ca7324ceb68c1fdab1e3b7a3c0234705b57a0de4c88bfc45d9aacac79,2026-01-20T22:34:00Z,2026-01,volatility,ADA,LTC|AVAX|BTC,0.007382548612285686,0.012634648789680587,52.52100177394901
event_6235cb6ca7324ceb68c1fdab1e3b7a3c0234705b57a0de4c88bfc45d9aacac79,2026-01-20T22:34:00Z,2026-01,volatility,LINK,LTC|AVAX|BTC,0.007382548612285686,0.009698339692306799,23.15791080021113
event_6235cb6ca7324ceb68c1fdab1e3b7a3c0234705b57a0de4c88bfc45d9aacac79,2026-01-20T22:34:00Z,2026-01,max_drawdown,ETH,LTC|AVAX|BTC,0.0026833631484793176,0.004729020683118311,20.45657534638993
event_6235cb6ca7324ceb68c1fdab1e3b7a3c0234705b57a0de4c88bfc45d9aacac79,2026-01-20T22:34:00Z,2026-01,max_drawdown,SOL,LTC|AVAX|BTC,0.0026833631484793176,0.004035448646937735,13.520854984584172
event_6235cb6ca7324ceb68c1fdab1e3b7a3c0234705b57a0de4c88bfc45d9aacac79,2026-01-20T22:34:00Z,2026-01,max_drawdown,BNB,LTC|AVAX|BTC,0.0026833631484793176,0.005125450435327604,24.420872868482864
event_6235cb6ca7324ceb68c1fdab1e3b7a3c0234705b57a0de4c88bfc45d9aacac79,2026-01-20T22:34:00Z,2026-01,max_drawdown,XRP,LTC|AVAX|BTC,0.0026833631484793176,0.004485488126649051,18.021249781697332
event_6235cb6ca7324ceb68c1fdab1e3b7a3c0234705b57a0de4c88bfc45d9aacac79,2026-01-20T22:34:00Z,2026-01,max_drawdown,DOGE,LTC|AVAX|BTC,0.0026833631484793176,0.005486968449931413,28.036053014520956
event_6235cb6ca7324ceb68c1fdab1e3b7a3c0234705b57a0de4c88bfc45d9aacac79,2026-01-20T22:34:00Z,2026-01,max_drawdown,ADA,LTC|AVAX|BTC,0.0026833631484793176,0.005691519635742748,30.081564872634306
event_6235cb6ca7324ceb68c1fdab1e3b7a3c0234705b57a0de4c88bfc45d9aacac79,2026-01-20T22:34:00Z,2026-01,max_drawdown,LINK,LTC|AVAX|BTC,0.0026833631484793176,0.0057518488085456275,30.6848566006631
event_ad947e6f8930706ff4e37cd28b799c6ced3d358d775f8014e4a1bee199e19cb1,2026-01-21T11:58:00Z,2026-01,volatility,ETH,DOGE|AVAX|XRP,0.006733440625117429,0.009599501511932763,28.66060886815334
event_ad947e6f8930706ff4e37cd28b799c6ced3d358d775f8014e4a1bee199e19cb1,2026-01-21T11:58:00Z,2026-01,volatility,SOL,DOGE|AVAX|XRP,0.006733440625117429,0.007561860188643102,8.284195635256728
event_ad947e6f8930706ff4e37cd28b799c6ced3d358d775f8014e4a1bee199e19cb1,2026-01-21T11:58:00Z,2026-01,volatility,ADA,DOGE|AVAX|XRP,0.006733440625117429,0.00921347661266989,24.80035987552461
event_ad947e6f8930706ff4e37cd28b799c6ced3d358d775f8014e4a1bee199e19cb1,2026-01-21T11:58:00Z,2026-01,volatility,LINK,DOGE|AVAX|XRP,0.006733440625117429,0.008801496636247175,20.68056011129746
event_ad947e6f8930706ff4e37cd28b799c6ced3d358d775f8014e4a1bee199e19cb1,2026-01-21T11:58:00Z,2026-01,volatility,LTC,DOGE|AVAX|XRP,0.006733440625117429,0.0073614644604643375,6.28023835346908
event_ad947e6f8930706ff4e37cd28b799c6ced3d358d775f8014e4a1bee199e19cb1,2026-01-21T11:58:00Z,2026-01,max_drawdown,BTC,DOGE|AVAX|XRP,0.005597803126320206,0.007013758028893802,14.159549025735963
event_ad947e6f8930706ff4e37cd28b799c6ced3d358d775f8014e4a1bee199e19cb1,2026-01-21T11:58:00Z,2026-01,max_drawdown,ETH,DOGE|AVAX|XRP,0.005597803126320206,0.014188778644869714,85.90975518549507
event_ad947e6f8930706ff4e37cd28b799c6ced3d358d775f8014e4a1bee199e19cb1,2026-01-21T11:58:00Z,2026-01,max_drawdown,SOL,DOGE|AVAX|XRP,0.005597803126320206,0.006445527432793532,8.47724306473326
event_ad947e6f8930706ff4e37cd28b799c6ced3d358d775f8014e4a1bee199e19cb1,2026-01-21T11:58:00Z,2026-01,max_drawdown,BNB,DOGE|AVAX|XRP,0.005597803126320206,0.006832954362755153,12.351512364349466
event_ad947e6f8930706ff4e37cd28b799c6ced3d358d775f8014e4a1bee199e19cb1,2026-01-21T11:58:00Z,2026-01,max_drawdown,ADA,DOGE|AVAX|XRP,0.005597803126320206,0.013513513513513587,79.15710387193381
event_ad947e6f8930706ff4e37cd28b799c6ced3d358d775f8014e4a1bee199e19cb1,2026-01-21T11:58:00Z,2026-01,max_drawdown,LINK,DOGE|AVAX|XRP,0.005597803126320206,0.009844134536505268,42.46331410185062
event_ad947e6f8930706ff4e37cd28b799c6ced3d358d775f8014e4a1bee199e19cb1,2026-01-21T11:58:00Z,2026-01,max_drawdown,LTC,DOGE|AVAX|XRP,0.005597803126320206,0.011013215859030838,54.154127327106316
event_32fd762d568ac0dd94d5f0c77b63101e9ff7304e3f06d3f63512aded5d0badc5,2026-01-21T19:29:00Z,2026-01,volatility,ETH,ADA|AVAX|LINK,0.011731357005404843,0.01292684328276471,11.954862773598668
event_32fd762d568ac0dd94d5f0c77b63101e9ff7304e3f06d3f63512aded5d0badc5,2026-01-21T19:29:00Z,2026-01,volatility,XRP,ADA|AVAX|LINK,0.011731357005404843,0.012590594222425231,8.592372170203884
event_32fd762d568ac0dd94d5f0c77b63101e9ff7304e3f06d3f63512aded5d0badc5,2026-01-21T19:29:00Z,2026-01,volatility,DOGE,ADA|AVAX|LINK,0.011731357005404843,0.013124531731717194,13.93174726312351
event_32fd762d568ac0dd94d5f0c77b63101e9ff7304e3f06d3f63512aded5d0badc5,2026-01-21T19:29:00Z,2026-01,max_drawdown,BTC,ADA|AVAX|LINK,0.003996802557953552,0.004928047059927642,9.312445019740903
event_32fd762d568ac0dd94d5f0c77b63101e9ff7304e3f06d3f63512aded5d0badc5,2026-01-21T19:29:00Z,2026-01,max_drawdown,ETH,ADA|AVAX|LINK,0.003996802557953552,0.006805125939018989,28.083233810654367
event_32fd762d568ac0dd94d5f0c77b63101e9ff7304e3f06d3f63512aded5d0badc5,2026-01-21T19:29:00Z,2026-01,max_drawdown,SOL,ADA|AVAX|LINK,0.003996802557953552,0.0049425899171163966,9.457873591628445
event_32fd762d568ac0dd94d5f0c77b63101e9ff7304e3f06d3f63512aded5d0badc5,2026-01-21T19:29:00Z,2026-01,max_drawdown,BNB,ADA|AVAX|LINK,0.003996802557953552,0.0041386911389272585,1.4188858097370638
event_32fd762d568ac0dd94d5f0c77b63101e9ff7304e3f06d3f63512aded5d0badc5,2026-01-21T19:29:00Z,2026-01,max_drawdown,XRP,ADA|AVAX|LINK,0.003996802557953552,0.008524590163934384,45.277876059808314
event_32fd762d568ac0dd94d5f0c77b63101e9ff7304e3f06d3f63512aded5d0badc5,2026-01-21T19:29:00Z,2026-01,max_drawdown,DOGE,ADA|AVAX|LINK,0.003996802557953552,0.0072486360093529725,32.518334513994205
event_32fd762d568ac0dd94d5f0c77b63101e9ff7304e3f06d3f63512aded5d0badc5,2026-01-21T19:29:00Z,2026-01,max_drawdown,LTC,ADA|AVAX|LINK,0.003996802557953552,0.00707274826789831,30.759457099447577
event_ceaad5368cb3f9e3886c50b1f6b3edf09a8205ff1737684a1ee5e169bde38136,2026-01-22T13:34:00Z,2026-01,volatility,ETH,LINK|AVAX|ADA,0.0052933424825074285,0.0064341222932069175,11.40779810699489
event_ceaad5368cb3f9e3886c50b1f6b3edf09a8205ff1737684a1ee5e169bde38136,2026-01-22T13:34:00Z,2026-01,max_drawdown,ETH,LINK|AVAX|ADA,0.0064464141821112065,0.007987476920606772,15.410627384955651
event_ceaad5368cb3f9e3886c50b1f6b3edf09a8205ff1737684a1ee5e169bde38136,2026-01-22T13:34:00Z,2026-01,max_drawdown,SOL,LINK|AVAX|ADA,0.0064464141821112065,0.008747697974217207,23.012837921060008
event_f9adea0ee78429e9d6ebf7087f6e110914d3e6b2820fa16df458feadeddad637,2026-01-23T14:33:00Z,2026-01,volatility,ETH,DOGE|LINK|ADA,0.010090815356143734,0.01023839875173004,1.475833955863065
event_f9adea0ee78429e9d6ebf7087f6e110914d3e6b2820fa16df458feadeddad637,2026-01-23T14:33:00Z,2026-01,max_drawdown,BTC,DOGE|LINK|ADA,0.006595218466611712,0.006928413708636589,3.3319524202487725
event_f9adea0ee78429e9d6ebf7087f6e110914d3e6b2820fa16df458feadeddad637,2026-01-23T14:33:00Z,2026-01,max_drawdown,ETH,DOGE|LINK|ADA,0.006595218466611712,0.009065782578764697,24.705641121529855
event_f9adea0ee78429e9d6ebf7087f6e110914d3e6b2820fa16df458feadeddad637,2026-01-23T14:33:00Z,2026-01,max_drawdown,SOL,DOGE|LINK|ADA,0.006595218466611712,0.008694964824915094,20.99746358303382
event_f9adea0ee78429e9d6ebf7087f6e110914d3e6b2820fa16df458feadeddad637,2026-01-23T14:33:00Z,2026-01,max_drawdown,AVAX,DOGE|LINK|ADA,0.006595218466611712,0.010708401976935813,41.13183510324101
event_f9adea0ee78429e9d6ebf7087f6e110914d3e6b2820fa16df458feadeddad637,2026-01-23T14:33:00Z,2026-01,max_drawdown,LTC,DOGE|LINK|ADA,0.006595218466611712,0.008133688257912029,15.384697913003167
event_f4b3b033e73959b6f139f154d80dc9e35bac6f882b0a3ff2909be958accc0e8b,2026-01-24T14:00:00Z,2026-01,max_drawdown,SOL,ADA|AVAX|LINK,0.0016420361247947105,0.001808318264014498,1.662821392197874
event_f4b3b033e73959b6f139f154d80dc9e35bac6f882b0a3ff2909be958accc0e8b,2026-01-24T14:00:00Z,2026-01,max_drawdown,DOGE,ADA|AVAX|LINK,0.0016420361247947105,0.0022535211267605834,6.114850019658729
event_f4b3b033e73959b6f139f154d80dc9e35bac6f882b0a3ff2909be958accc0e8b,2026-01-24T14:00:00Z,2026-01,max_drawdown,LTC,ADA|AVAX|LINK,0.0016420361247947105,0.0032004655222577665,15.58429397463056
event_2b95a5aecb59137bc1865283589ca2ce1b6fd83cf0200db29a29de42959d9dbf,2026-01-24T22:14:00Z,2026-01,volatility,DOGE,AVAX|ADA|SOL,0.0017474613258719005,0.001789219611333524,0.4175828546162355
event_2b95a5aecb59137bc1865283589ca2ce1b6fd83cf0200db29a29de42959d9dbf,2026-01-24T22:14:00Z,2026-01,volatility,LINK,AVAX|ADA|SOL,0.0017474613258719005,0.002813413289616917,10.659519637450167
event_2b95a5aecb59137bc1865283589ca2ce1b6fd83cf0200db29a29de42959d9dbf,2026-01-24T22:14:00Z,2026-01,volatility,LTC,AVAX|ADA|SOL,0.0017474613258719005,0.0019516906929646423,2.0422936709274184
event_2b95a5aecb59137bc1865283589ca2ce1b6fd83cf0200db29a29de42959d9dbf,2026-01-24T22:14:00Z,2026-01,max_drawdown,BTC,AVAX|ADA|SOL,0.0016671297582661556,0.001932051855163217,2.6492209689706145
event_2b95a5aecb59137bc1865283589ca2ce1b6fd83cf0200db29a29de42959d9dbf,2026-01-24T22:14:00Z,2026-01,max_drawdown,ETH,AVAX|ADA|SOL,0.0016671297582661556,0.0017238761912794559,0.5674643301330022
event_2b95a5aecb59137bc1865283589ca2ce1b6fd83cf0200db29a29de42959d9dbf,2026-01-24T22:14:00Z,2026-01,max_drawdown,XRP,AVAX|ADA|SOL,0.0016671297582661556,0.0027556803410804776,10.88550582814322
event_b7b39f5db914265be02b04d2e9ebcb6ff006a66287f41ca7f2602f200cf1acc5,2026-01-25T03:17:00Z,2026-01,max_drawdown,LTC,AVAX|LINK|ADA,0.004125412541254037,0.004986799647990663,8.613871067366256
event_4dd7dd56690249e176dd2d13f554d3f0d0a9c8012fc898cb3d0fc7af541c8c02,2026-01-25T08:39:00Z,2026-01,volatility,ADA,LINK|LTC|AVAX,0.00340625607754865,0.003674458720517613,2.6820264296896275
event_4dd7dd56690249e176dd2d13f554d3f0d0a9c8012fc898cb3d0fc7af541c8c02,2026-01-25T08:39:00Z,2026-01,max_drawdown,BTC,LINK|LTC|AVAX,0.0023282887077997177,0.002579881806677157,2.5159309887743926
event_4dd7dd56690249e176dd2d13f554d3f0d0a9c8012fc898cb3d0fc7af541c8c02,2026-01-25T08:39:00Z,2026-01,max_drawdown,XRP,LINK|LTC|AVAX,0.0023282887077997177,0.0037474928744854353,14.192041666857175
event_4dd7dd56690249e176dd2d13f554d3f0d0a9c8012fc898cb3d0fc7af541c8c02,2026-01-25T08:39:00Z,2026-01,max_drawdown,ADA,LINK|LTC|AVAX,0.0023282887077997177,0.0030977189524079,7.694302446081824
event_66820227e96df4b792ba552ab85b32d2109efae0b6f7a3547f22ccd98640e8f0,2026-01-25T10:11:00Z,2026-01,max_drawdown,BTC,LTC|AVAX|LINK,0.0008347245409014846,0.0009804153874101917,1.4569084650870707
event_66820227e96df4b792ba552ab85b32d2109efae0b6f7a3547f22ccd98640e8f0,2026-01-25T10:11:00Z,2026-01,max_drawdown,ETH,LTC|AVAX|LINK,0.0008347245409014846,0.00158814187400751,7.534173331060253
event_66820227e96df4b792ba552ab85b32d2109efae0b6f7a3547f22ccd98640e8f0,2026-01-25T10:11:00Z,2026-01,max_drawdown,SOL,LTC|AVAX|LINK,0.0008347245409014846,0.0015728216420258167,7.380971011243321
event_66820227e96df4b792ba552ab85b32d2109efae0b6f7a3547f22ccd98640e8f0,2026-01-25T10:11:00Z,2026-01,max_drawdown,XRP,LTC|AVAX|LINK,0.0008347245409014846,0.0017789870238593918,9.44262482957907
event_66820227e96df4b792ba552ab85b32d2109efae0b6f7a3547f22ccd98640e8f0,2026-01-25T10:11:00Z,2026-01,max_drawdown,DOGE,LTC|AVAX|LINK,0.0008347245409014846,0.0012936610608020173,4.589365199005326
event_66820227e96df4b792ba552ab85b32d2109efae0b6f7a3547f22ccd98640e8f0,2026-01-25T10:11:00Z,2026-01,max_drawdown,ADA,LTC|AVAX|LINK,0.0008347245409014846,0.0016666666666666373,8.319421257651527
event_d698ed544dad96ae1e64c4194a96837d456676c91f93dca339cc409b517eb6ab,2026-01-25T16:02:00Z,2026-01,volatility,LINK,SOL|ADA|AVAX,0.012557623085655932,0.015662869881657743,31.052467960018102
event_d698ed544dad96ae1e64c4194a96837d456676c91f93dca339cc409b517eb6ab,2026-01-25T16:02:00Z,2026-01,volatility,LTC,SOL|ADA|AVAX,0.012557623085655932,0.013788709106352603,12.31086020696671
event_d698ed544dad96ae1e64c4194a96837d456676c91f93dca339cc409b517eb6ab,2026-01-25T16:02:00Z,2026-01,max_drawdown,XRP,SOL|ADA|AVAX,0.01861252115059227,0.019540168852546034,9.276477019537626
event_d698ed544dad96ae1e64c4194a96837d456676c91f93dca339cc409b517eb6ab,2026-01-25T16:02:00Z,2026-01,max_drawdown,LINK,SOL|ADA|AVAX,0.01861252115059227,0.02011735121542332,15.048300648310489
event_c3d3d101b8ea7eca2d0c189cf9056db24ec1489bcb3b2eca780d58a13e65cf7e,2026-01-25T16:17:00Z,2026-01,volatility,DOGE,LINK|ADA|SOL,0.010055132079796256,0.01150773430308122,14.526022232849641
event_c3d3d101b8ea7eca2d0c189cf9056db24ec1489bcb3b2eca780d58a13e65cf7e,2026-01-25T16:17:00Z,2026-01,volatility,AVAX,LINK|ADA|SOL,0.010055132079796256,0.01073269751323409,6.77565433437834
event_c3d3d101b8ea7eca2d0c189cf9056db24ec1489bcb3b2eca780d58a13e65cf7e,2026-01-25T16:17:00Z,2026-01,volatility,LTC,LINK|ADA|SOL,0.010055132079796256,0.012096136024484517,20.410039446882614
event_c3d3d101b8ea7eca2d0c189cf9056db24ec1489bcb3b2eca780d58a13e65cf7e,2026-01-25T16:17:00Z,2026-01,max_drawdown,XRP,LINK|ADA|SOL,0.005119869971556241,0.005962933118452801,8.430631468965599
event_c3d3d101b8ea7eca2d0c189cf9056db24ec1489bcb3b2eca780d58a13e65cf7e,2026-01-25T16:17:00Z,2026-01,max_drawdown,DOGE,LINK|ADA|SOL,0.005119869971556241,0.006458022851465499,13.381528799092578
event_c3d3d101b8ea7eca2d0c189cf9056db24ec1489bcb3b2eca780d58a13e65cf7e,2026-01-25T16:17:00Z,2026-01,max_drawdown,AVAX,LINK|ADA|SOL,0.005119869971556241,0.00685518423307627,17.353142615200294
event_c3d3d101b8ea7eca2d0c189cf9056db24ec1489bcb3b2eca780d58a13e65cf7e,2026-01-25T16:17:00Z,2026-01,max_drawdown,LTC,LINK|ADA|SOL,0.005119869971556241,0.010180337405468335,50.60467433912095
event_6a570762df2b2f24d2b1f3de87929c650e8b46d999d698a16eadfc9e0b06a985,2026-01-26T14:11:00Z,2026-01,volatility,ETH,AVAX|LINK|ADA,0.008900974300483581,0.010425253398991705,15.242790985081234
event_6a570762df2b2f24d2b1f3de87929c650e8b46d999d698a16eadfc9e0b06a985,2026-01-26T14:11:00Z,2026-01,max_drawdown,BTC,AVAX|LINK|ADA,0.003147353361945608,0.003735099458410578,5.8774609646497025
event_6a570762df2b2f24d2b1f3de87929c650e8b46d999d698a16eadfc9e0b06a985,2026-01-26T14:11:00Z,2026-01,max_drawdown,ETH,AVAX|LINK|ADA,0.003147353361945608,0.004968510896886955,18.211575349413472
event_6a570762df2b2f24d2b1f3de87929c650e8b46d999d698a16eadfc9e0b06a985,2026-01-26T14:11:00Z,2026-01,max_drawdown,XRP,AVAX|LINK|ADA,0.003147353361945608,0.007094418362024025,39.470650000784175
event_6a570762df2b2f24d2b1f3de87929c650e8b46d999d698a16eadfc9e0b06a985,2026-01-26T14:11:00Z,2026-01,max_drawdown,LTC,AVAX|LINK|ADA,0.003147353361945608,0.003649102320829076,5.017489588834681
event_b3143d0265fdf7e0003f564c6ee3f1800e5cb77a249383651595aaaff4b020c5,2026-01-26T14:36:00Z,2026-01,volatility,LTC,ETH|ADA|LINK,0.0074043943639408374,0.008545156963357285,11.407625994164471
event_b3143d0265fdf7e0003f564c6ee3f1800e5cb77a249383651595aaaff4b020c5,2026-01-26T14:36:00Z,2026-01,max_drawdown,BTC,ETH|ADA|LINK,0.005000000000000042,0.00570180501329708,7.018050132970386
event_b3143d0265fdf7e0003f564c6ee3f1800e5cb77a249383651595aaaff4b020c5,2026-01-26T14:36:00Z,2026-01,max_drawdown,SOL,ETH|ADA|LINK,0.005000000000000042,0.006372509478099476,13.725094780994342
event_b3143d0265fdf7e0003f564c6ee3f1800e5cb77a249383651595aaaff4b020c5,2026-01-26T14:36:00Z,2026-01,max_drawdown,XRP,ETH|ADA|LINK,0.005000000000000042,0.00623570983163584,12.357098316357982
event_b3143d0265fdf7e0003f564c6ee3f1800e5cb77a249383651595aaaff4b020c5,2026-01-26T14:36:00Z,2026-01,max_drawdown,DOGE,ETH|ADA|LINK,0.005000000000000042,0.00569754191762976,6.975419176297182
event_b3143d0265fdf7e0003f564c6ee3f1800e5cb77a249383651595aaaff4b020c5,2026-01-26T14:36:00Z,2026-01,max_drawdown,AVAX,ETH|ADA|LINK,0.005000000000000042,0.0050847457627119065,0.847457627118648
event_b3143d0265fdf7e0003f564c6ee3f1800e5cb77a249383651595aaaff4b020c5,2026-01-26T14:36:00Z,2026-01,max_drawdown,LTC,ETH|ADA|LINK,0.005000000000000042,0.010315186246418322,53.151862464182805
event_1700e9907d7f71c5694d4092057ff1718e4db9b25936f6017939ed1a9e8975f6,2026-01-27T16:08:00Z,2026-01,volatility,ETH,DOGE|AVAX|LINK,0.009308972253053644,0.009483039627104013,1.7406737405036878
event_1700e9907d7f71c5694d4092057ff1718e4db9b25936f6017939ed1a9e8975f6,2026-01-27T16:08:00Z,2026-01,volatility,ADA,DOGE|AVAX|LINK,0.009308972253053644,0.009609891151147769,3.009188980941241
event_1700e9907d7f71c5694d4092057ff1718e4db9b25936f6017939ed1a9e8975f6,2026-01-27T16:08:00Z,2026-01,max_drawdown,SOL,DOGE|AVAX|LINK,0.006215139442231099,0.007500986971970018,12.858475297389191
event_1700e9907d7f71c5694d4092057ff1718e4db9b25936f6017939ed1a9e8975f6,2026-01-27T16:08:00Z,2026-01,max_drawdown,ADA,DOGE|AVAX|LINK,0.006215139442231099,0.008958566629339406,27.434271871083077
event_f78c9db3411a7ffe8b9daca2820c45cf88e812483b0a1490778ed5b4e364cba3,2026-01-27T20:21:00Z,2026-01,volatility,AVAX,ADA|DOGE|LINK,0.006617314140331317,0.008391352547834078,17.74038407502761
event_d8242aafc1fc855a2e6fa3e627bab5444b042dbac7eec5b6f61ac9cbd619d500,2026-01-29T02:32:00Z,2026-01,volatility,ETH,LINK|LTC|AVAX,0.004554785968335411,0.005634835806363188,10.80049838027777
event_d8242aafc1fc855a2e6fa3e627bab5444b042dbac7eec5b6f61ac9cbd619d500,2026-01-29T02:32:00Z,2026-01,volatility,SOL,LINK|LTC|AVAX,0.004554785968335411,0.005176034276234846,6.212483078994347
event_d8242aafc1fc855a2e6fa3e627bab5444b042dbac7eec5b6f61ac9cbd619d500,2026-01-29T02:32:00Z,2026-01,volatility,DOGE,LINK|LTC|AVAX,0.004554785968335411,0.00534172481207842,7.869388437430087
event_d8242aafc1fc855a2e6fa3e627bab5444b042dbac7eec5b6f61ac9cbd619d500,2026-01-29T02:32:00Z,2026-01,volatility,ADA,LINK|LTC|AVAX,0.004554785968335411,0.004874823351015697,3.2003738268028545
event_d8242aafc1fc855a2e6fa3e627bab5444b042dbac7eec5b6f61ac9cbd619d500,2026-01-29T02:32:00Z,2026-01,max_drawdown,BTC,LINK|LTC|AVAX,0.005981035740335472,0.006362490806131774,3.814550657963026
event_d8242aafc1fc855a2e6fa3e627bab5444b042dbac7eec5b6f61ac9cbd619d500,2026-01-29T02:32:00Z,2026-01,max_drawdown,ETH,LINK|LTC|AVAX,0.005981035740335472,0.010012288724591605,40.31252984256133
event_d8242aafc1fc855a2e6fa3e627bab5444b042dbac7eec5b6f61ac9cbd619d500,2026-01-29T02:32:00Z,2026-01,max_drawdown,SOL,LINK|LTC|AVAX,0.005981035740335472,0.006129526574723695,1.4849083438822284
event_d8242aafc1fc855a2e6fa3e627bab5444b042dbac7eec5b6f61ac9cbd619d500,2026-01-29T02:32:00Z,2026-01,max_drawdown,XRP,LINK|LTC|AVAX,0.005981035740335472,0.006370779358674884,3.8974361833941233
event_d8242aafc1fc855a2e6fa3e627bab5444b042dbac7eec5b6f61ac9cbd619d500,2026-01-29T02:32:00Z,2026-01,max_drawdown,DOGE,LINK|LTC|AVAX,0.005981035740335472,0.007973962571196052,19.9292683086058
event_d8242aafc1fc855a2e6fa3e627bab5444b042dbac7eec5b6f61ac9cbd619d500,2026-01-29T02:32:00Z,2026-01,max_drawdown,ADA,LINK|LTC|AVAX,0.005981035740335472,0.008784358175120407,28.03322434784935
event_ae50c3708097b0ffc016d3fd0245f37b152bd1cee62c71bc5b28e8a1261c9c52,2026-01-29T10:01:00Z,2026-01,volatility,BNB,AVAX|LINK|LTC,0.002664621154546028,0.002975923214206794,3.1130205966076576
event_ae50c3708097b0ffc016d3fd0245f37b152bd1cee62c71bc5b28e8a1261c9c52,2026-01-29T10:01:00Z,2026-01,max_drawdown,BNB,AVAX|LINK|LTC,0.001728608470181467,0.006284149977279483,45.55541507098016
event_ae50c3708097b0ffc016d3fd0245f37b152bd1cee62c71bc5b28e8a1261c9c52,2026-01-29T10:01:00Z,2026-01,max_drawdown,DOGE,AVAX|LINK|LTC,0.001728608470181467,0.006002302252918997,42.73693782737529
event_ae50c3708097b0ffc016d3fd0245f37b152bd1cee62c71bc5b28e8a1261c9c52,2026-01-29T10:01:00Z,2026-01,max_drawdown,ADA,AVAX|LINK|LTC,0.001728608470181467,0.0020063055316709042,2.776970614894372
event_e9eb63ea366d5170256e556f44ecfec272bb99d8bc22b23512fdca356d711149,2026-01-29T14:30:00Z,2026-01,volatility,SOL,XRP|ADA|AVAX,0.006539535367714867,0.007754472463353562,12.14937095638695
event_e9eb63ea366d5170256e556f44ecfec272bb99d8bc22b23512fdca356d711149,2026-01-29T14:30:00Z,2026-01,volatility,LINK,XRP|ADA|AVAX,0.006539535367714867,0.008383589060228335,18.440536925134676
event_e9eb63ea366d5170256e556f44ecfec272bb99d8bc22b23512fdca356d711149,2026-01-29T14:30:00Z,2026-01,max_drawdown,SOL,XRP|ADA|AVAX,0.01766579785693598,0.01818923327895587,5.234354220198904
event_e9eb63ea366d5170256e556f44ecfec272bb99d8bc22b23512fdca356d711149,2026-01-29T14:30:00Z,2026-01,max_drawdown,LINK,XRP|ADA|AVAX,0.01766579785693598,0.028571428571428577,109.05630714492597
event_a45ab0dc6413874a824daf46a3e6b1f4d3c34d216083d7e767e9b5ece9366111,2026-01-30T01:42:00Z,2026-01,volatility,SOL,XRP|ETH|LINK,0.019193584019193435,0.02906847716866252,98.74893149469085
event_a45ab0dc6413874a824daf46a3e6b1f4d3c34d216083d7e767e9b5ece9366111,2026-01-30T01:42:00Z,2026-01,volatility,DOGE,XRP|ETH|LINK,0.019193584019193435,0.02721771943152342,80.24135412329984
event_a45ab0dc6413874a824daf46a3e6b1f4d3c34d216083d7e767e9b5ece9366111,2026-01-30T01:42:00Z,2026-01,volatility,ADA,XRP|ETH|LINK,0.019193584019193435,0.027954432909508324,87.6084889031489
event_a45ab0dc6413874a824daf46a3e6b1f4d3c34d216083d7e767e9b5ece9366111,2026-01-30T01:42:00Z,2026-01,volatility,AVAX,XRP|ETH|LINK,0.019193584019193435,0.02335777539199614,41.64191372802706
event_a45ab0dc6413874a824daf46a3e6b1f4d3c34d216083d7e767e9b5ece9366111,2026-01-30T01:42:00Z,2026-01,volatility,LTC,XRP|ETH|LINK,0.019193584019193435,0.042623056726890506,234.2947270769707
event_a45ab0dc6413874a824daf46a3e6b1f4d3c34d216083d7e767e9b5ece9366111,2026-01-30T01:42:00Z,2026-01,max_drawdown,SOL,XRP|ETH|LINK,0.01655824524851939,0.025346020761245612,87.87775512726223
event_a45ab0dc6413874a824daf46a3e6b1f4d3c34d216083d7e767e9b5ece9366111,2026-01-30T01:42:00Z,2026-01,max_drawdown,DOGE,XRP|ETH|LINK,0.01655824524851939,0.023257832161763446,66.99586913244057
event_a45ab0dc6413874a824daf46a3e6b1f4d3c34d216083d7e767e9b5ece9366111,2026-01-30T01:42:00Z,2026-01,max_drawdown,ADA,XRP|ETH|LINK,0.01655824524851939,0.025281754492841837,87.23509244322449
event_a45ab0dc6413874a824daf46a3e6b1f4d3c34d216083d7e767e9b5ece9366111,2026-01-30T01:42:00Z,2026-01,max_drawdown,AVAX,XRP|ETH|LINK,0.01655824524851939,0.02009132420091314,35.330789523937526
event_a45ab0dc6413874a824daf46a3e6b1f4d3c34d216083d7e767e9b5ece9366111,2026-01-30T01:42:00Z,2026-01,max_drawdown,LTC,XRP|ETH|LINK,0.01655824524851939,0.03632183908045973,197.63593831940344
event_788cff57a09966d9113eceaf182158a8a04068234c2e26afbb69d4c3aa6d52a4,2026-01-30T11:53:00Z,2026-01,max_drawdown,LTC,LINK|AVAX|ADA,0.0076034063260340705,0.007675775253300583,0.7236892726651244
event_c4957323ffacdb5a914bd20a0322d8865f2836f82ca789ab748a9b39a75f0723,2026-01-30T13:01:00Z,2026-01,volatility,ETH,BNB|LINK|AVAX,0.004878808472374377,0.005028807909071611,1.4999943669723441
event_c4957323ffacdb5a914bd20a0322d8865f2836f82ca789ab748a9b39a75f0723,2026-01-30T13:01:00Z,2026-01,volatility,ADA,BNB|LINK|AVAX,0.004878808472374377,0.00578653240906377,9.077239366893936
event_c4957323ffacdb5a914bd20a0322d8865f2836f82ca789ab748a9b39a75f0723,2026-01-30T13:01:00Z,2026-01,max_drawdown,ETH,BNB|LINK|AVAX,0.002821590479788424,0.0047518152079968345,19.302247282084107
event_c4957323ffacdb5a914bd20a0322d8865f2836f82ca789ab748a9b39a75f0723,2026-01-30T13:01:00Z,2026-01,max_drawdown,SOL,BNB|LINK|AVAX,0.002821590479788424,0.0049883890943493445,21.667986145609206
event_c4957323ffacdb5a914bd20a0322d8865f2836f82ca789ab748a9b39a75f0723,2026-01-30T13:01:00Z,2026-01,max_drawdown,XRP,BNB|LINK|AVAX,0.002821590479788424,0.004822421422897964,20.008309431095405
event_c4957323ffacdb5a914bd20a0322d8865f2836f82ca789ab748a9b39a75f0723,2026-01-30T13:01:00Z,2026-01,max_drawdown,DOGE,BNB|LINK|AVAX,0.002821590479788424,0.004436325678496959,16.147351987085347
event_c4957323ffacdb5a914bd20a0322d8865f2836f82ca789ab748a9b39a75f0723,2026-01-30T13:01:00Z,2026-01,max_drawdown,ADA,BNB|LINK|AVAX,0.002821590479788424,0.0064496314496314214,36.28040969842998
event_c4957323ffacdb5a914bd20a0322d8865f2836f82ca789ab748a9b39a75f0723,2026-01-30T13:01:00Z,2026-01,max_drawdown,LTC,BNB|LINK|AVAX,0.002821590479788424,0.0046490004649000025,18.274099851115785
event_9e71a23e7fa0ec59d4fbebe71859f867e974840ca27f59f6b882ea652150d48c,2026-01-31T12:14:00Z,2026-01,volatility,SOL,AVAX|LINK|ETH,0.0037791964328351834,0.00418363992471742,4.044434918822367
event_9e71a23e7fa0ec59d4fbebe71859f867e974840ca27f59f6b882ea652150d48c,2026-01-31T12:14:00Z,2026-01,volatility,XRP,AVAX|LINK|ETH,0.0037791964328351834,0.004340273943048588,5.610775102134051
event_9e71a23e7fa0ec59d4fbebe71859f867e974840ca27f59f6b882ea652150d48c,2026-01-31T12:14:00Z,2026-01,volatility,DOGE,AVAX|LINK|ETH,0.0037791964328351834,0.0042637936191225285,4.845971862873451
event_9e71a23e7fa0ec59d4fbebe71859f867e974840ca27f59f6b882ea652150d48c,2026-01-31T12:14:00Z,2026-01,volatility,ADA,AVAX|LINK|ETH,0.0037791964328351834,0.005104446181245342,13.252497484101585
event_9e71a23e7fa0ec59d4fbebe71859f867e974840ca27f59f6b882ea652150d48c,2026-01-31T12:14:00Z,2026-01,volatility,LTC,AVAX|LINK|ETH,0.0037791964328351834,0.004491443350311437,7.122469174762539
event_9e71a23e7fa0ec59d4fbebe71859f867e974840ca27f59f6b882ea652150d48c,2026-01-31T12:14:00Z,2026-01,max_drawdown,BTC,AVAX|LINK|ETH,0.0012650652607018049,0.001905073973104406,6.400087124026012
event_9e71a23e7fa0ec59d4fbebe71859f867e974840ca27f59f6b882ea652150d48c,2026-01-31T12:14:00Z,2026-01,max_drawdown,SOL,AVAX|LINK|ETH,0.0012650652607018049,0.0031071983428275457,18.42133082125741
event_9e71a23e7fa0ec59d4fbebe71859f867e974840ca27f59f6b882ea652150d48c,2026-01-31T12:14:00Z,2026-01,max_drawdown,BNB,AVAX|LINK|ETH,0.0012650652607018049,0.002795431738901935,15.3036647820013
event_9e71a23e7fa0ec59d4fbebe71859f867e974840ca27f59f6b882ea652150d48c,2026-01-31T12:14:00Z,2026-01,max_drawdown,XRP,AVAX|LINK|ETH,0.0012650652607018049,0.0038876126524120514,26.225473917102466
event_9e71a23e7fa0ec59d4fbebe71859f867e974840ca27f59f6b882ea652150d48c,2026-01-31T12:14:00Z,2026-01,max_drawdown,DOGE,AVAX|LINK|ETH,0.0012650652607018049,0.0025051444931554856,12.400792324536807
event_9e71a23e7fa0ec59d4fbebe71859f867e974840ca27f59f6b882ea652150d48c,2026-01-31T12:14:00Z,2026-01,max_drawdown,ADA,AVAX|LINK|ETH,0.0012650652607018049,0.00193236714975842,6.673018890566151
event_9e71a23e7fa0ec59d4fbebe71859f867e974840ca27f59f6b882ea652150d48c,2026-01-31T12:14:00Z,2026-01,max_drawdown,LTC,AVAX|LINK|ETH,0.0012650652607018049,0.002380952380952358,11.158871202505534
event_83dd7b09de83c35f24e4c18e4bbfea1175fc8dbf25a0437eac5d02d7ddc8762d,2026-01-31T14:27:00Z,2026-01,volatility,SOL,DOGE|LTC|AVAX,0.01499257676128953,0.01777175126582739,27.7917450453786
event_83dd7b09de83c35f24e4c18e4bbfea1175fc8dbf25a0437eac5d02d7ddc8762d,2026-01-31T14:27:00Z,2026-01,volatility,ADA,DOGE|LTC|AVAX,0.01499257676128953,0.01631194698168928,13.193702203997491
event_83dd7b09de83c35f24e4c18e4bbfea1175fc8dbf25a0437eac5d02d7ddc8762d,2026-01-31T14:27:00Z,2026-01,max_drawdown,ETH,DOGE|LTC|AVAX,0.010611561016475864,0.010714875740482969,1.0331472400710444
event_83dd7b09de83c35f24e4c18e4bbfea1175fc8dbf25a0437eac5d02d7ddc8762d,2026-01-31T14:27:00Z,2026-01,max_drawdown,SOL,DOGE|LTC|AVAX,0.010611561016475864,0.016763320043493967,61.517590270181024
event_83dd7b09de83c35f24e4c18e4bbfea1175fc8dbf25a0437eac5d02d7ddc8762d,2026-01-31T14:27:00Z,2026-01,max_drawdown,XRP,DOGE|LTC|AVAX,0.010611561016475864,0.013960860818143109,33.492998016672445
event_83dd7b09de83c35f24e4c18e4bbfea1175fc8dbf25a0437eac5d02d7ddc8762d,2026-01-31T14:27:00Z,2026-01,max_drawdown,LINK,DOGE|LTC|AVAX,0.010611561016475864,0.010934393638171093,3.228326216952286
event_6bca91064f7304f07c7df268d439b5c4d0787d301821c89d72fa41981f7a559d,2026-01-31T17:12:00Z,2026-01,volatility,ETH,LINK|SOL|LTC,0.020951829066111795,0.021438981242998763,4.87152176886968
event_6bca91064f7304f07c7df268d439b5c4d0787d301821c89d72fa41981f7a559d,2026-01-31T17:12:00Z,2026-01,volatility,XRP,LINK|SOL|LTC,0.020951829066111795,0.021886704248616617,9.34875182504822
event_6bca91064f7304f07c7df268d439b5c4d0787d301821c89d72fa41981f7a559d,2026-01-31T17:12:00Z,2026-01,volatility,DOGE,LINK|SOL|LTC,0.020951829066111795,0.02378082975408314,28.29000687971345
event_6bca91064f7304f07c7df268d439b5c4d0787d301821c89d72fa41981f7a559d,2026-01-31T17:12:00Z,2026-01,volatility,ADA,LINK|SOL|LTC,0.020951829066111795,0.024207050828464236,32.552217623524406
event_6bca91064f7304f07c7df268d439b5c4d0787d301821c89d72fa41981f7a559d,2026-01-31T17:12:00Z,2026-01,max_drawdown,ETH,LINK|SOL|LTC,0.011959678797198066,0.018233084251975028,62.73405454776962
event_6bca91064f7304f07c7df268d439b5c4d0787d301821c89d72fa41981f7a559d,2026-01-31T17:12:00Z,2026-01,max_drawdown,DOGE,LINK|SOL|LTC,0.011959678797198066,0.012176115332164436,2.164365349663702
event_6bca91064f7304f07c7df268d439b5c4d0787d301821c89d72fa41981f7a559d,2026-01-31T17:12:00Z,2026-01,max_drawdown,ADA,LINK|SOL|LTC,0.011959678797198066,0.014644351464435082,26.846726672370163
event_6bca91064f7304f07c7df268d439b5c4d0787d301821c89d72fa41981f7a559d,2026-01-31T17:12:00Z,2026-01,max_drawdown,AVAX,LINK|SOL|LTC,0.011959678797198066,0.014198782961460325,22.391041642622586
event_74f73b14dd8342f45a4d4a1e8d2d36dfa8e7012299fa28ef619b83f941c126e8,2026-01-31T18:44:00Z,2026-01,volatility,ETH,DOGE|SOL|LINK,0.035218222881894065,0.045584346469265125,103.6612358737106
event_74f73b14dd8342f45a4d4a1e8d2d36dfa8e7012299fa28ef619b83f941c126e8,2026-01-31T18:44:00Z,2026-01,volatility,XRP,DOGE|SOL|LINK,0.035218222881894065,0.0532610356361615,180.4281275426743
event_74f73b14dd8342f45a4d4a1e8d2d36dfa8e7012299fa28ef619b83f941c126e8,2026-01-31T18:44:00Z,2026-01,volatility,ADA,DOGE|SOL|LINK,0.035218222881894065,0.045327913519051764,101.09690637157699
event_74f73b14dd8342f45a4d4a1e8d2d36dfa8e7012299fa28ef619b83f941c126e8,2026-01-31T18:44:00Z,2026-01,volatility,AVAX,DOGE|SOL|LINK,0.035218222881894065,0.04421078901773315,89.92566135839084
event_74f73b14dd8342f45a4d4a1e8d2d36dfa8e7012299fa28ef619b83f941c126e8,2026-01-31T18:44:00Z,2026-01,volatility,LTC,DOGE|SOL|LINK,0.035218222881894065,0.04144931834167902,62.31095459784952
event_74f73b14dd8342f45a4d4a1e8d2d36dfa8e7012299fa28ef619b83f941c126e8,2026-01-31T18:44:00Z,2026-01,max_drawdown,XRP,DOGE|SOL|LINK,0.00836820083682009,0.01577069904249334,74.02498205673251
event_74f73b14dd8342f45a4d4a1e8d2d36dfa8e7012299fa28ef619b83f941c126e8,2026-01-31T18:44:00Z,2026-01,max_drawdown,ADA,DOGE|SOL|LINK,0.00836820083682009,0.010129235068110422,17.610342312903324
event_74f73b14dd8342f45a4d4a1e8d2d36dfa8e7012299fa28ef619b83f941c126e8,2026-01-31T18:44:00Z,2026-01,max_drawdown,LTC,DOGE|SOL|LINK,0.00836820083682009,0.010475699811093928,21.07498974273838
event_b3bace4e1a5ff089c7026cf300cde2bd0ef3b1edf1e6e629a75fad16ced2b2f1,2026-01-31T23:24:00Z,2026-01,volatility,XRP,ETH|SOL|ADA,0.008812612482984334,0.008903554453461056,0.9094197047672219
event_b3bace4e1a5ff089c7026cf300cde2bd0ef3b1edf1e6e629a75fad16ced2b2f1,2026-01-31T23:24:00Z,2026-01,volatility,LINK,ETH|SOL|ADA,0.008812612482984334,0.009231414571292108,4.188020883077737
event_b3bace4e1a5ff089c7026cf300cde2bd0ef3b1edf1e6e629a75fad16ced2b2f1,2026-01-31T23:24:00Z,2026-01,max_drawdown,LINK,ETH|SOL|ADA,0.010821778829895285,0.010967098703888279,1.4531987399299395
event_fa3dd147d91ab13ad0a6ee4ce015e310d925027238b8d4db275a6cd5752432fd,2026-02-02T06:43:00Z,2026-02,volatility,SOL,DOGE|XRP|ADA,0.018176317694334573,0.02030065779801924,21.243401036846674
event_fa3dd147d91ab13ad0a6ee4ce015e310d925027238b8d4db275a6cd5752432fd,2026-02-02T06:43:00Z,2026-02,volatility,AVAX,DOGE|XRP|ADA,0.018176317694334573,0.018489247859760038,3.1293016542546446
event_fa3dd147d91ab13ad0a6ee4ce015e310d925027238b8d4db275a6cd5752432fd,2026-02-02T06:43:00Z,2026-02,volatility,LINK,DOGE|XRP|ADA,0.018176317694334573,0.01858566633061823,4.093486362836581
event_fa3dd147d91ab13ad0a6ee4ce015e310d925027238b8d4db275a6cd5752432fd,2026-02-02T06:43:00Z,2026-02,max_drawdown,SOL,DOGE|XRP|ADA,0.010161177295024575,0.011685482273717634,15.243049786930595
event_fa3dd147d91ab13ad0a6ee4ce015e310d925027238b8d4db275a6cd5752432fd,2026-02-02T06:43:00Z,2026-02,max_drawdown,LINK,DOGE|XRP|ADA,0.010161177295024575,0.010660980810234692,4.998035152101177
event_e9c0ca2d053bff1799e21a6e1e70687d00293d0e644eeff7e45455e3824ea6b5,2026-02-03T07:36:00Z,2026-02,volatility,AVAX,DOGE|ADA|LINK,0.0032911078278605645,0.004971405225225898,16.802973973653334
event_61123f356b7143405e8063b622288b8c9eb84676c76b5e90c3461c470326e457,2026-02-04T11:04:00Z,2026-02,volatility,ETH,SOL|LINK|AVAX,0.008214318453563707,0.00844254218384414,2.2822373028043295
event_61123f356b7143405e8063b622288b8c9eb84676c76b5e90c3461c470326e457,2026-02-04T11:04:00Z,2026-02,volatility,ADA,SOL|LINK|AVAX,0.008214318453563707,0.01092994982018326,27.15631366619552
event_61123f356b7143405e8063b622288b8c9eb84676c76b5e90c3461c470326e457,2026-02-04T11:04:00Z,2026-02,max_drawdown,ETH,SOL|LINK|AVAX,0.007000000000000029,0.0099288572698977,29.28857269897672
event_61123f356b7143405e8063b622288b8c9eb84676c76b5e90c3461c470326e457,2026-02-04T11:04:00Z,2026-02,max_drawdown,DOGE,SOL|LINK|AVAX,0.007000000000000029,0.007647826897966809,6.4782689796678055
event_61123f356b7143405e8063b622288b8c9eb84676c76b5e90c3461c470326e457,2026-02-04T11:04:00Z,2026-02,max_drawdown,ADA,SOL|LINK|AVAX,0.007000000000000029,0.01107011070110691,40.70110701106881
event_965a642982f1dbc79ead81c9477d85ef872ceca5aacf233a86ba1edee048fe55,2026-02-05T09:09:00Z,2026-02,volatility,ADA,ETH|SOL|XRP,0.007526968046483052,0.007799412832944319,2.724447864612669
event_965a642982f1dbc79ead81c9477d85ef872ceca5aacf233a86ba1edee048fe55,2026-02-05T09:09:00Z,2026-02,volatility,LINK,ETH|SOL|XRP,0.007526968046483052,0.00962180328564225,20.948352391591975
event_965a642982f1dbc79ead81c9477d85ef872ceca5aacf233a86ba1edee048fe55,2026-02-05T09:09:00Z,2026-02,max_drawdown,DOGE,ETH|SOL|XRP,0.007819267345361258,0.010981535471331447,31.622681259701885
event_965a642982f1dbc79ead81c9477d85ef872ceca5aacf233a86ba1edee048fe55,2026-02-05T09:09:00Z,2026-02,max_drawdown,ADA,ETH|SOL|XRP,0.007819267345361258,0.01339443073669378,55.751633913325215
event_965a642982f1dbc79ead81c9477d85ef872ceca5aacf233a86ba1edee048fe55,2026-02-05T09:09:00Z,2026-02,max_drawdown,AVAX,ETH|SOL|XRP,0.007819267345361258,0.011375387797311213,35.56120451949954
event_965a642982f1dbc79ead81c9477d85ef872ceca5aacf233a86ba1edee048fe55,2026-02-05T09:09:00Z,2026-02,max_drawdown,LTC,ETH|SOL|XRP,0.007819267345361258,0.00887826532354453,10.589979781832712
event_b107ed8467e8edd300260d8ac7e7ff018c77e8b7064381f32b00b9d477c2cb1e,2026-02-06T20:36:00Z,2026-02,volatility,SOL,ETH|XRP|LINK,0.008463179396599057,0.008469250380513015,0.06070983913957634
event_b107ed8467e8edd300260d8ac7e7ff018c77e8b7064381f32b00b9d477c2cb1e,2026-02-06T20:36:00Z,2026-02,max_drawdown,BTC,ETH|XRP|LINK,0.011210762331838525,0.01402462849221267,28.13866160374146
event_b107ed8467e8edd300260d8ac7e7ff018c77e8b7064381f32b00b9d477c2cb1e,2026-02-06T20:36:00Z,2026-02,max_drawdown,SOL,ETH|XRP|LINK,0.011210762331838525,0.012281100750511694,10.703384186731697
event_b107ed8467e8edd300260d8ac7e7ff018c77e8b7064381f32b00b9d477c2cb1e,2026-02-06T20:36:00Z,2026-02,max_drawdown,BNB,ETH|XRP|LINK,0.011210762331838525,0.01207210186869518,8.613395368566556
event_b107ed8467e8edd300260d8ac7e7ff018c77e8b7064381f32b00b9d477c2cb1e,2026-02-06T20:36:00Z,2026-02,max_drawdown,DOGE,ETH|XRP|LINK,0.011210762331838525,0.012439807383627658,12.290450517891335
event_b107ed8467e8edd300260d8ac7e7ff018c77e8b7064381f32b00b9d477c2cb1e,2026-02-06T20:36:00Z,2026-02,max_drawdown,ADA,ETH|XRP|LINK,0.011210762331838525,0.012912482065997103,17.017197341585785
event_b107ed8467e8edd300260d8ac7e7ff018c77e8b7064381f32b00b9d477c2cb1e,2026-02-06T20:36:00Z,2026-02,max_drawdown,AVAX,ETH|XRP|LINK,0.011210762331838525,0.016129032258064554,49.18269926226029
event_8949af0837f3b3336bc04f2c1413b67781e9058d9aaacabf7e68e616e3157dce,2026-02-08T08:23:00Z,2026-02,volatility,BTC,LINK|XRP|SOL,0.0070354923349930905,0.00731404865772807,2.785563227349795
event_8949af0837f3b3336bc04f2c1413b67781e9058d9aaacabf7e68e616e3157dce,2026-02-08T08:23:00Z,2026-02,volatility,ETH,LINK|XRP|SOL,0.0070354923349930905,0.0075569406958116555,5.21448360818565
event_8949af0837f3b3336bc04f2c1413b67781e9058d9aaacabf7e68e616e3157dce,2026-02-08T08:23:00Z,2026-02,volatility,DOGE,LINK|XRP|SOL,0.0070354923349930905,0.007891053951426245,8.555616164331548
event_8949af0837f3b3336bc04f2c1413b67781e9058d9aaacabf7e68e616e3157dce,2026-02-08T08:23:00Z,2026-02,volatility,ADA,LINK|XRP|SOL,0.0070354923349930905,0.008222111470432376,11.866191354392855
event_8949af0837f3b3336bc04f2c1413b67781e9058d9aaacabf7e68e616e3157dce,2026-02-08T08:23:00Z,2026-02,volatility,AVAX,LINK|XRP|SOL,0.0070354923349930905,0.008534923963438636,14.994316284455454
event_8949af0837f3b3336bc04f2c1413b67781e9058d9aaacabf7e68e616e3157dce,2026-02-08T08:23:00Z,2026-02,max_drawdown,BTC,LINK|XRP|SOL,0.004459308807134996,0.005311095521804438,8.51786714669442
event_8949af0837f3b3336bc04f2c1413b67781e9058d9aaacabf7e68e616e3157dce,2026-02-08T08:23:00Z,2026-02,max_drawdown,ETH,LINK|XRP|SOL,0.004459308807134996,0.005062658060619795,6.033492534847987
event_8949af0837f3b3336bc04f2c1413b67781e9058d9aaacabf7e68e616e3157dce,2026-02-08T08:23:00Z,2026-02,max_drawdown,ADA,LINK|XRP|SOL,0.004459308807134996,0.0054328141977544415,9.735053906194452
event_8949af0837f3b3336bc04f2c1413b67781e9058d9aaacabf7e68e616e3157dce,2026-02-08T08:23:00Z,2026-02,max_drawdown,AVAX,LINK|XRP|SOL,0.004459308807134996,0.007534983853605868,30.756750464708713
event_8949af0837f3b3336bc04f2c1413b67781e9058d9aaacabf7e68e616e3157dce,2026-02-08T08:23:00Z,2026-02,max_drawdown,LTC,LINK|XRP|SOL,0.004459308807134996,0.005377307761247485,9.179989541124884
event_218b19ca0469d54259fb5eb01ff3fc20fdcbf44d4c218d10438819f8fc48c1a5,2026-02-08T18:34:00Z,2026-02,volatility,SOL,LINK|AVAX|XRP,0.004851371814603758,0.005456285302942534,6.04913488338776
event_218b19ca0469d54259fb5eb01ff3fc20fdcbf44d4c218d10438819f8fc48c1a5,2026-02-08T18:34:00Z,2026-02,volatility,BNB,LINK|AVAX|XRP,0.004851371814603758,0.00652749874926539,16.76126934661632
event_218b19ca0469d54259fb5eb01ff3fc20fdcbf44d4c218d10438819f8fc48c1a5,2026-02-08T18:34:00Z,2026-02,volatility,DOGE,LINK|AVAX|XRP,0.004851371814603758,0.005630448640086494,7.790768254827361
event_218b19ca0469d54259fb5eb01ff3fc20fdcbf44d4c218d10438819f8fc48c1a5,2026-02-08T18:34:00Z,2026-02,volatility,ADA,LINK|AVAX|XRP,0.004851371814603758,0.005095178661364784,2.4380684676102593
event_218b19ca0469d54259fb5eb01ff3fc20fdcbf44d4c218d10438819f8fc48c1a5,2026-02-08T18:34:00Z,2026-02,max_drawdown,ETH,LINK|AVAX|XRP,0.0044792833146695575,0.005323563250910248,8.442799362406907
event_218b19ca0469d54259fb5eb01ff3fc20fdcbf44d4c218d10438819f8fc48c1a5,2026-02-08T18:34:00Z,2026-02,max_drawdown,SOL,LINK|AVAX|XRP,0.0044792833146695575,0.007344632768361646,28.65349453692089
event_218b19ca0469d54259fb5eb01ff3fc20fdcbf44d4c218d10438819f8fc48c1a5,2026-02-08T18:34:00Z,2026-02,max_drawdown,BNB,LINK|AVAX|XRP,0.0044792833146695575,0.00454251485941291,0.6323154474335239
event_218b19ca0469d54259fb5eb01ff3fc20fdcbf44d4c218d10438819f8fc48c1a5,2026-02-08T18:34:00Z,2026-02,max_drawdown,DOGE,LINK|AVAX|XRP,0.0044792833146695575,0.0050076647930506315,5.283814783810739
event_218b19ca0469d54259fb5eb01ff3fc20fdcbf44d4c218d10438819f8fc48c1a5,2026-02-08T18:34:00Z,2026-02,max_drawdown,ADA,LINK|AVAX|XRP,0.0044792833146695575,0.006188569348379976,17.09286033710418
event_218b19ca0469d54259fb5eb01ff3fc20fdcbf44d4c218d10438819f8fc48c1a5,2026-02-08T18:34:00Z,2026-02,max_drawdown,LTC,LINK|AVAX|XRP,0.0044792833146695575,0.004547108039287014,0.678247246174565
event_4fc46e80a7566c4b38232b4bce1d403bf5ce0a3444deda9862d4b92a6abd9c48,2026-02-08T23:06:00Z,2026-02,volatility,BTC,XRP|SOL|DOGE,0.012410707702402381,0.013124428125110154,7.137204227077726
event_4fc46e80a7566c4b38232b4bce1d403bf5ce0a3444deda9862d4b92a6abd9c48,2026-02-08T23:06:00Z,2026-02,volatility,ETH,XRP|SOL|DOGE,0.012410707702402381,0.014646297541965602,22.355898395632206
event_4fc46e80a7566c4b38232b4bce1d403bf5ce0a3444deda9862d4b92a6abd9c48,2026-02-08T23:06:00Z,2026-02,volatility,LINK,XRP|SOL|DOGE,0.012410707702402381,0.01268216300297333,2.7145530057094867
event_4fc46e80a7566c4b38232b4bce1d403bf5ce0a3444deda9862d4b92a6abd9c48,2026-02-08T23:06:00Z,2026-02,max_drawdown,BTC,XRP|SOL|DOGE,0.024510475147199666,0.02811163138645692,36.01156239257254
event_4fc46e80a7566c4b38232b4bce1d403bf5ce0a3444deda9862d4b92a6abd9c48,2026-02-08T23:06:00Z,2026-02,max_drawdown,ETH,XRP|SOL|DOGE,0.024510475147199666,0.029021187705162536,45.1071255796287
event_4fc46e80a7566c4b38232b4bce1d403bf5ce0a3444deda9862d4b92a6abd9c48,2026-02-08T23:06:00Z,2026-02,max_drawdown,ADA,XRP|SOL|DOGE,0.024510475147199666,0.025687409551374805,11.769344041751388
event_6909516e706043b47129f9e4227c89add31eee6c829ad864f2241090eee9aacd,2026-02-09T08:32:00Z,2026-02,volatility,BTC,XRP|SOL|AVAX,0.005448837021691071,0.006142437662807077,6.936006411160066
event_6909516e706043b47129f9e4227c89add31eee6c829ad864f2241090eee9aacd,2026-02-09T08:32:00Z,2026-02,volatility,ETH,XRP|SOL|AVAX,0.005448837021691071,0.005518436132873349,0.6959911118227871
event_6909516e706043b47129f9e4227c89add31eee6c829ad864f2241090eee9aacd,2026-02-09T08:32:00Z,2026-02,volatility,DOGE,XRP|SOL|AVAX,0.005448837021691071,0.005617312672646081,1.6847565095501078
event_6909516e706043b47129f9e4227c89add31eee6c829ad864f2241090eee9aacd,2026-02-09T08:32:00Z,2026-02,volatility,ADA,XRP|SOL|AVAX,0.005448837021691071,0.006218407409629832,7.695703879387617
event_6909516e706043b47129f9e4227c89add31eee6c829ad864f2241090eee9aacd,2026-02-09T08:32:00Z,2026-02,volatility,LINK,XRP|SOL|AVAX,0.005448837021691071,0.006268453773401176,8.196167517101053
event_6909516e706043b47129f9e4227c89add31eee6c829ad864f2241090eee9aacd,2026-02-09T08:32:00Z,2026-02,max_drawdown,BTC,XRP|SOL|AVAX,0.0033519553072624986,0.004447676324386484,10.957210171239854
event_6909516e706043b47129f9e4227c89add31eee6c829ad864f2241090eee9aacd,2026-02-09T08:32:00Z,2026-02,max_drawdown,DOGE,XRP|SOL|AVAX,0.0033519553072624986,0.0034868977176669164,1.349424104044178
event_6909516e706043b47129f9e4227c89add31eee6c829ad864f2241090eee9aacd,2026-02-09T08:32:00Z,2026-02,max_drawdown,ADA,XRP|SOL|AVAX,0.0033519553072624986,0.004110612855007436,7.586575477449373
event_6909516e706043b47129f9e4227c89add31eee6c829ad864f2241090eee9aacd,2026-02-09T08:32:00Z,2026-02,max_drawdown,LINK,XRP|SOL|AVAX,0.0033519553072624986,0.003452243958572999,1.0028865131050035
event_6909516e706043b47129f9e4227c89add31eee6c829ad864f2241090eee9aacd,2026-02-09T08:32:00Z,2026-02,max_drawdown,LTC,XRP|SOL|AVAX,0.0033519553072624986,0.0037285607755406943,3.7660546827819563
event_5d624e1893d5df9b254e7a5bb4b177a5a47c3f5aeae0b7551907f5cf8c57c740,2026-02-09T16:46:00Z,2026-02,volatility,SOL,ETH|LINK|AVAX,0.00858337157995239,0.00924956829478391,6.661967148315212
event_5d624e1893d5df9b254e7a5bb4b177a5a47c3f5aeae0b7551907f5cf8c57c740,2026-02-09T16:46:00Z,2026-02,volatility,XRP,ETH|LINK|AVAX,0.00858337157995239,0.009505728277895613,9.223566979432233
event_5d624e1893d5df9b254e7a5bb4b177a5a47c3f5aeae0b7551907f5cf8c57c740,2026-02-09T16:46:00Z,2026-02,volatility,DOGE,ETH|LINK|AVAX,0.00858337157995239,0.009122933328024508,5.3956174807211905
event_5d624e1893d5df9b254e7a5bb4b177a5a47c3f5aeae0b7551907f5cf8c57c740,2026-02-09T16:46:00Z,2026-02,volatility,ADA,ETH|LINK|AVAX,0.00858337157995239,0.008923686791103108,3.403152111507192
event_5d624e1893d5df9b254e7a5bb4b177a5a47c3f5aeae0b7551907f5cf8c57c740,2026-02-09T16:46:00Z,2026-02,max_drawdown,XRP,ETH|LINK|AVAX,0.01195048879730702,0.018585582507687128,66.35093710380109
event_5d624e1893d5df9b254e7a5bb4b177a5a47c3f5aeae0b7551907f5cf8c57c740,2026-02-09T16:46:00Z,2026-02,max_drawdown,DOGE,ETH|LINK|AVAX,0.01195048879730702,0.01608384351976752,41.33354722460502
event_5d624e1893d5df9b254e7a5bb4b177a5a47c3f5aeae0b7551907f5cf8c57c740,2026-02-09T16:46:00Z,2026-02,max_drawdown,ADA,ETH|LINK|AVAX,0.01195048879730702,0.013965453877251104,20.14965079944085
event_ef8737aba6911cad30b27c223cf6e69106ae1014e3721101ceb7e86d136aa253,2026-02-09T21:34:00Z,2026-02,volatility,SOL,LINK|ETH|AVAX,0.007810961309625665,0.007850706336478531,0.3974502685286617
event_ef8737aba6911cad30b27c223cf6e69106ae1014e3721101ceb7e86d136aa253,2026-02-09T21:34:00Z,2026-02,volatility,XRP,LINK|ETH|AVAX,0.007810961309625665,0.007843206978520915,0.32245668895250146
event_ef8737aba6911cad30b27c223cf6e69106ae1014e3721101ceb7e86d136aa253,2026-02-09T21:34:00Z,2026-02,max_drawdown,SOL,LINK|ETH|AVAX,0.0032967032967032264,0.004564646810452944,12.679435137497174
event_ef8737aba6911cad30b27c223cf6e69106ae1014e3721101ceb7e86d136aa253,2026-02-09T21:34:00Z,2026-02,max_drawdown,XRP,LINK|ETH|AVAX,0.0032967032967032264,0.006246139062392826,29.494357656895993
event_ef8737aba6911cad30b27c223cf6e69106ae1014e3721101ceb7e86d136aa253,2026-02-09T21:34:00Z,2026-02,max_drawdown,DOGE,LINK|ETH|AVAX,0.0032967032967032264,0.003310915675116408,0.14212378413181426
event_ef8737aba6911cad30b27c223cf6e69106ae1014e3721101ceb7e86d136aa253,2026-02-09T21:34:00Z,2026-02,max_drawdown,LTC,LINK|ETH|AVAX,0.0032967032967032264,0.0034583181652711637,1.6161486856793723
event_9afd0b76791c5158a3ddd432ceb48246475d0b6f9df3aa3c84a052045c574623,2026-02-10T03:08:00Z,2026-02,volatility,ETH,LINK|AVAX|XRP,0.006927488587448436,0.00909127480424544,21.63786216797003
event_9afd0b76791c5158a3ddd432ceb48246475d0b6f9df3aa3c84a052045c574623,2026-02-10T03:08:00Z,2026-02,max_drawdown,ETH,LINK|AVAX|XRP,0.012430080795525182,0.020023433704525737,75.93352909000555
event_9afd0b76791c5158a3ddd432ceb48246475d0b6f9df3aa3c84a052045c574623,2026-02-10T03:08:00Z,2026-02,max_drawdown,DOGE,LINK|AVAX|XRP,0.012430080795525182,0.014811724209867433,23.81643414342251
event_9afd0b76791c5158a3ddd432ceb48246475d0b6f9df3aa3c84a052045c574623,2026-02-10T03:08:00Z,2026-02,max_drawdown,ADA,LINK|AVAX|XRP,0.012430080795525182,0.013045098770033558,6.150179745083757
event_e635312d20e4102f49280c07115517d3ce435a3ff3437d028b36169adb9b07c6,2026-02-11T06:09:00Z,2026-02,volatility,ETH,AVAX|LINK|BNB,0.0060447331643794875,0.00761113604921117,15.664028848316825
event_e635312d20e4102f49280c07115517d3ce435a3ff3437d028b36169adb9b07c6,2026-02-11T06:09:00Z,2026-02,volatility,SOL,AVAX|LINK|BNB,0.0060447331643794875,0.006665865748142151,6.211325837626632
event_e635312d20e4102f49280c07115517d3ce435a3ff3437d028b36169adb9b07c6,2026-02-11T06:09:00Z,2026-02,volatility,XRP,AVAX|LINK|BNB,0.0060447331643794875,0.006920988891827124,8.762557274476363
event_e635312d20e4102f49280c07115517d3ce435a3ff3437d028b36169adb9b07c6,2026-02-11T06:09:00Z,2026-02,volatility,ADA,AVAX|LINK|BNB,0.0060447331643794875,0.00637870808619955,3.339749218200629
event_e635312d20e4102f49280c07115517d3ce435a3ff3437d028b36169adb9b07c6,2026-02-11T06:09:00Z,2026-02,max_drawdown,ETH,AVAX|LINK|BNB,0.0055804683607374415,0.011739008965534821,61.58540604797379
event_e635312d20e4102f49280c07115517d3ce435a3ff3437d028b36169adb9b07c6,2026-02-11T06:09:00Z,2026-02,max_drawdown,SOL,AVAX|LINK|BNB,0.0055804683607374415,0.007741459818137079,21.609914573996374
event_e635312d20e4102f49280c07115517d3ce435a3ff3437d028b36169adb9b07c6,2026-02-11T06:09:00Z,2026-02,max_drawdown,XRP,AVAX|LINK|BNB,0.0055804683607374415,0.007805091545699855,22.246231849624138
event_e635312d20e4102f49280c07115517d3ce435a3ff3437d028b36169adb9b07c6,2026-02-11T06:09:00Z,2026-02,max_drawdown,DOGE,AVAX|LINK|BNB,0.0055804683607374415,0.00679899111744704,12.185227567095984
event_e635312d20e4102f49280c07115517d3ce435a3ff3437d028b36169adb9b07c6,2026-02-11T06:09:00Z,2026-02,max_drawdown,ADA,AVAX|LINK|BNB,0.0055804683607374415,0.006622516556291311,10.420481955538694
event_e635312d20e4102f49280c07115517d3ce435a3ff3437d028b36169adb9b07c6,2026-02-11T06:09:00Z,2026-02,max_drawdown,LTC,AVAX|LINK|BNB,0.0055804683607374415,0.0074399084318962335,18.59440071158792
event_0d9b8a0dd335ccbc67808f974eceb009b0c246746ca6af903c507405f5ed6d55,2026-02-11T08:38:00Z,2026-02,volatility,SOL,BNB|LINK|AVAX,0.004521037354051578,0.004798760298021083,2.777229439695043
event_0d9b8a0dd335ccbc67808f974eceb009b0c246746ca6af903c507405f5ed6d55,2026-02-11T08:38:00Z,2026-02,volatility,XRP,BNB|LINK|AVAX,0.004521037354051578,0.0045235248553648424,0.0248750131326414
event_0d9b8a0dd335ccbc67808f974eceb009b0c246746ca6af903c507405f5ed6d55,2026-02-11T08:38:00Z,2026-02,volatility,ADA,BNB|LINK|AVAX,0.004521037354051578,0.005291221957695496,7.701846036439179
event_0d9b8a0dd335ccbc67808f974eceb009b0c246746ca6af903c507405f5ed6d55,2026-02-11T08:38:00Z,2026-02,max_drawdown,BTC,BNB|LINK|AVAX,0.002948765204570571,0.0031680172879525624,2.192520833819915
event_0d9b8a0dd335ccbc67808f974eceb009b0c246746ca6af903c507405f5ed6d55,2026-02-11T08:38:00Z,2026-02,max_drawdown,SOL,BNB|LINK|AVAX,0.002948765204570571,0.003941857600394277,9.93092395823706
event_0d9b8a0dd335ccbc67808f974eceb009b0c246746ca6af903c507405f5ed6d55,2026-02-11T08:38:00Z,2026-02,max_drawdown,XRP,BNB|LINK|AVAX,0.002948765204570571,0.00517907943686637,22.303142322957992
event_0d9b8a0dd335ccbc67808f974eceb009b0c246746ca6af903c507405f5ed6d55,2026-02-11T08:38:00Z,2026-02,max_drawdown,DOGE,BNB|LINK|AVAX,0.002948765204570571,0.00452838524409094,15.796200395203694
event_0d9b8a0dd335ccbc67808f974eceb009b0c246746ca6af903c507405f5ed6d55,2026-02-11T08:38:00Z,2026-02,max_drawdown,ADA,BNB|LINK|AVAX,0.002948765204570571,0.004694835680751091,17.460704761805204
event_70ef74476d0ee2cb74d63ce4547dcfa3d1a1bf8434204a48088ce445df37fa58,2026-02-11T13:34:00Z,2026-02,volatility,XRP,LINK|SOL|ETH,0.009755870502679002,0.010229575961698966,4.73705459019964
event_70ef74476d0ee2cb74d63ce4547dcfa3d1a1bf8434204a48088ce445df37fa58,2026-02-11T13:34:00Z,2026-02,volatility,DOGE,LINK|SOL|ETH,0.009755870502679002,0.011052002019576528,12.961315168975254
event_70ef74476d0ee2cb74d63ce4547dcfa3d1a1bf8434204a48088ce445df37fa58,2026-02-11T13:34:00Z,2026-02,max_drawdown,BTC,LINK|SOL|ETH,0.008882667345380527,0.008987541745695759,1.0487440031523194
event_70ef74476d0ee2cb74d63ce4547dcfa3d1a1bf8434204a48088ce445df37fa58,2026-02-11T13:34:00Z,2026-02,max_drawdown,XRP,LINK|SOL|ETH,0.008882667345380527,0.011465060590668336,25.823932452878097
event_70ef74476d0ee2cb74d63ce4547dcfa3d1a1bf8434204a48088ce445df37fa58,2026-02-11T13:34:00Z,2026-02,max_drawdown,DOGE,LINK|SOL|ETH,0.008882667345380527,0.01304443953128455,41.617721859040245
event_84d87e01b7d6bb8bcc7228891b2383f8b563e5e7ff4e1a0f019b77b890a6b53d,2026-02-14T01:49:00Z,2026-02,max_drawdown,BTC,LINK|ADA|AVAX,0.0010893246187363603,0.0013505443693676777,2.6121975063131733
event_84d87e01b7d6bb8bcc7228891b2383f8b563e5e7ff4e1a0f019b77b890a6b53d,2026-02-14T01:49:00Z,2026-02,max_drawdown,ETH,LINK|ADA|AVAX,0.0010893246187363603,0.002474669881954914,13.853452632185538
event_84d87e01b7d6bb8bcc7228891b2383f8b563e5e7ff4e1a0f019b77b890a6b53d,2026-02-14T01:49:00Z,2026-02,max_drawdown,SOL,LINK|ADA|AVAX,0.0010893246187363603,0.002586105560126941,14.967809413905806
event_84d87e01b7d6bb8bcc7228891b2383f8b563e5e7ff4e1a0f019b77b890a6b53d,2026-02-14T01:49:00Z,2026-02,max_drawdown,BNB,LINK|ADA|AVAX,0.0010893246187363603,0.004734106357457075,36.44781738720715
event_84d87e01b7d6bb8bcc7228891b2383f8b563e5e7ff4e1a0f019b77b890a6b53d,2026-02-14T01:49:00Z,2026-02,max_drawdown,XRP,LINK|ADA|AVAX,0.0010893246187363603,0.0032490464754908444,21.59721856754484
event_84d87e01b7d6bb8bcc7228891b2383f8b563e5e7ff4e1a0f019b77b890a6b53d,2026-02-14T01:49:00Z,2026-02,max_drawdown,DOGE,LINK|ADA|AVAX,0.0010893246187363603,0.002481133050759746,13.918084320233858
event_84d87e01b7d6bb8bcc7228891b2383f8b563e5e7ff4e1a0f019b77b890a6b53d,2026-02-14T01:49:00Z,2026-02,max_drawdown,LTC,LINK|ADA|AVAX,0.0010893246187363603,0.0018047283883774468,7.154037696410864
event_6b2dc55b91597e097335cce3e3a1945767a1a00b897b1cfc41eb978eff6b51b9,2026-02-14T07:45:00Z,2026-02,volatility,ETH,AVAX|LINK|ADA,0.0066213514365838465,0.008864052641277055,22.427012046932084
event_6b2dc55b91597e097335cce3e3a1945767a1a00b897b1cfc41eb978eff6b51b9,2026-02-14T07:45:00Z,2026-02,volatility,SOL,AVAX|LINK|ADA,0.0066213514365838465,0.00677618871800302,1.5483728141917323
event_6b2dc55b91597e097335cce3e3a1945767a1a00b897b1cfc41eb978eff6b51b9,2026-02-14T07:45:00Z,2026-02,max_drawdown,BTC,AVAX|LINK|ADA,0.002171552660152155,0.002215537047673659,0.43984387521503987
event_6b2dc55b91597e097335cce3e3a1945767a1a00b897b1cfc41eb978eff6b51b9,2026-02-14T07:45:00Z,2026-02,max_drawdown,ETH,AVAX|LINK|ADA,0.002171552660152155,0.0033628241950150514,11.912715348628964
event_6b2dc55b91597e097335cce3e3a1945767a1a00b897b1cfc41eb978eff6b51b9,2026-02-14T07:45:00Z,2026-02,max_drawdown,SOL,AVAX|LINK|ADA,0.002171552660152155,0.003379165695641949,12.07613035489794
event_d49be4bd023116933c532d4db7c8265f4045362c7ceba52aa43d320bfbc4c32a,2026-02-14T08:07:00Z,2026-02,volatility,SOL,ETH|AVAX|ADA,0.004186741223115142,0.005070804286520538,8.840630634053964
event_d49be4bd023116933c532d4db7c8265f4045362c7ceba52aa43d320bfbc4c32a,2026-02-14T08:07:00Z,2026-02,volatility,XRP,ETH|AVAX|ADA,0.004186741223115142,0.005701565777569516,15.148245544543745
event_d49be4bd023116933c532d4db7c8265f4045362c7ceba52aa43d320bfbc4c32a,2026-02-14T08:07:00Z,2026-02,volatility,DOGE,ETH|AVAX|ADA,0.004186741223115142,0.004306539042596722,1.197978194815803
event_d49be4bd023116933c532d4db7c8265f4045362c7ceba52aa43d320bfbc4c32a,2026-02-14T08:07:00Z,2026-02,volatility,LINK,ETH|AVAX|ADA,0.004186741223115142,0.006140874156507653,19.541329333925116
event_d49be4bd023116933c532d4db7c8265f4045362c7ceba52aa43d320bfbc4c32a,2026-02-14T08:07:00Z,2026-02,max_drawdown,BTC,ETH|AVAX|ADA,0.002157497303128333,0.0024274842044802254,2.6998690135189225
event_d49be4bd023116933c532d4db7c8265f4045362c7ceba52aa43d320bfbc4c32a,2026-02-14T08:07:00Z,2026-02,max_drawdown,SOL,ETH|AVAX|ADA,0.002157497303128333,0.004194826380797011,20.373290776686776
event_d49be4bd023116933c532d4db7c8265f4045362c7ceba52aa43d320bfbc4c32a,2026-02-14T08:07:00Z,2026-02,max_drawdown,XRP,ETH|AVAX|ADA,0.002157497303128333,0.00383061707758745,16.731197744591167
event_d49be4bd023116933c532d4db7c8265f4045362c7ceba52aa43d320bfbc4c32a,2026-02-14T08:07:00Z,2026-02,max_drawdown,DOGE,ETH|AVAX|ADA,0.002157497303128333,0.0023704009069360813,2.1290360380774813
event_d49be4bd023116933c532d4db7c8265f4045362c7ceba52aa43d320bfbc4c32a,2026-02-14T08:07:00Z,2026-02,max_drawdown,LINK,ETH|AVAX|ADA,0.002157497303128333,0.006703910614524997,45.464133113966646
event_d49be4bd023116933c532d4db7c8265f4045362c7ceba52aa43d320bfbc4c32a,2026-02-14T08:07:00Z,2026-02,max_drawdown,LTC,ETH|AVAX|ADA,0.002157497303128333,0.002159438545978,0.01941242849666687
event_cad64e79052c759cb8b6fd2e041fee97f2874651f495424917fec4ee382848af,2026-02-14T11:15:00Z,2026-02,volatility,ETH,DOGE|AVAX|LINK,0.006015737659870669,0.008306081212443929,22.9034355257326
event_cad64e79052c759cb8b6fd2e041fee97f2874651f495424917fec4ee382848af,2026-02-14T11:15:00Z,2026-02,volatility,SOL,DOGE|AVAX|LINK,0.006015737659870669,0.006960415092802413,9.446774329317439
event_cad64e79052c759cb8b6fd2e041fee97f2874651f495424917fec4ee382848af,2026-02-14T11:15:00Z,2026-02,volatility,XRP,DOGE|AVAX|LINK,0.006015737659870669,0.00801069443433365,19.949567744629807
event_cad64e79052c759cb8b6fd2e041fee97f2874651f495424917fec4ee382848af,2026-02-14T11:15:00Z,2026-02,volatility,ADA,DOGE|AVAX|LINK,0.006015737659870669,0.008190762960246775,21.750253003761063
event_cad64e79052c759cb8b6fd2e041fee97f2874651f495424917fec4ee382848af,2026-02-14T11:15:00Z,2026-02,max_drawdown,BTC,DOGE|AVAX|LINK,0.003208556149732552,0.003647248053345305,4.386919036127529
event_cad64e79052c759cb8b6fd2e041fee97f2874651f495424917fec4ee382848af,2026-02-14T11:15:00Z,2026-02,max_drawdown,ETH,DOGE|AVAX|LINK,0.003208556149732552,0.005804847023532659,25.96290873800107
event_cad64e79052c759cb8b6fd2e041fee97f2874651f495424917fec4ee382848af,2026-02-14T11:15:00Z,2026-02,max_drawdown,SOL,DOGE|AVAX|LINK,0.003208556149732552,0.005051664753157265,18.43108603424713
event_cad64e79052c759cb8b6fd2e041fee97f2874651f495424917fec4ee382848af,2026-02-14T11:15:00Z,2026-02,max_drawdown,XRP,DOGE|AVAX|LINK,0.003208556149732552,0.005102040816326573,18.93484666594021
event_cad64e79052c759cb8b6fd2e041fee97f2874651f495424917fec4ee382848af,2026-02-14T11:15:00Z,2026-02,max_drawdown,ADA,DOGE|AVAX|LINK,0.003208556149732552,0.005641748942172235,24.331927924396826
event_cad64e79052c759cb8b6fd2e041fee97f2874651f495424917fec4ee382848af,2026-02-14T11:15:00Z,2026-02,max_drawdown,LTC,DOGE|AVAX|LINK,0.003208556149732552,0.004473072105922347,12.645159561897952
event_e8307174cdadeb99c25763b1cde64b0394870add901f7a81bc45f68bd44360e3,2026-02-15T03:47:00Z,2026-02,volatility,ETH,DOGE|LINK|ADA,0.007252335464517306,0.00757680679397704,3.244713294597336
event_e8307174cdadeb99c25763b1cde64b0394870add901f7a81bc45f68bd44360e3,2026-02-15T03:47:00Z,2026-02,volatility,XRP,DOGE|LINK|ADA,0.007252335464517306,0.00904089345819411,17.885579936768046
event_e8307174cdadeb99c25763b1cde64b0394870add901f7a81bc45f68bd44360e3,2026-02-15T03:47:00Z,2026-02,volatility,AVAX,DOGE|LINK|ADA,0.007252335464517306,0.007735585146097077,4.8324968157977075
event_e8307174cdadeb99c25763b1cde64b0394870add901f7a81bc45f68bd44360e3,2026-02-15T03:47:00Z,2026-02,max_drawdown,SOL,DOGE|LINK|ADA,0.002197802197802151,0.0034858877769032076,12.880855791010566
event_e8307174cdadeb99c25763b1cde64b0394870add901f7a81bc45f68bd44360e3,2026-02-15T03:47:00Z,2026-02,max_drawdown,XRP,DOGE|LINK|ADA,0.002197802197802151,0.0022863862032922893,0.8858400549013835
event_e8307174cdadeb99c25763b1cde64b0394870add901f7a81bc45f68bd44360e3,2026-02-15T03:47:00Z,2026-02,max_drawdown,AVAX,DOGE|LINK|ADA,0.002197802197802151,0.004145077720207349,19.47275522405198
event_e8307174cdadeb99c25763b1cde64b0394870add901f7a81bc45f68bd44360e3,2026-02-15T03:47:00Z,2026-02,max_drawdown,LTC,DOGE|LINK|ADA,0.002197802197802151,0.002673320263767574,4.755180659654231
event_d136d3c73fdd5729dd5466895ac68fdfc9a4e68802402823bcf338222603c4e3,2026-02-15T12:52:00Z,2026-02,volatility,ETH,DOGE|XRP|ADA,0.008879767919236614,0.009320742629196093,4.409747099594786
event_d136d3c73fdd5729dd5466895ac68fdfc9a4e68802402823bcf338222603c4e3,2026-02-15T12:52:00Z,2026-02,volatility,LINK,DOGE|XRP|ADA,0.008879767919236614,0.00959142748689339,7.116595676567757
event_d136d3c73fdd5729dd5466895ac68fdfc9a4e68802402823bcf338222603c4e3,2026-02-15T12:52:00Z,2026-02,max_drawdown,ETH,DOGE|XRP|ADA,0.009776536312849055,0.01379026246616182,40.137261533127656
event_d136d3c73fdd5729dd5466895ac68fdfc9a4e68802402823bcf338222603c4e3,2026-02-15T12:52:00Z,2026-02,max_drawdown,SOL,DOGE|XRP|ADA,0.009776536312849055,0.010763652843870415,9.871165310213602
event_d136d3c73fdd5729dd5466895ac68fdfc9a4e68802402823bcf338222603c4e3,2026-02-15T12:52:00Z,2026-02,max_drawdown,LINK,DOGE|XRP|ADA,0.009776536312849055,0.011185682326621885,14.091460137728301
event_ca9b94143fcc155f4f6c0c5ee1dc783c0d613968482c2356b95d73c9a6304cf9,2026-02-15T17:46:00Z,2026-02,volatility,XRP,DOGE|LINK|ETH,0.00787125927445634,0.009741343615789391,18.700843413330514
event_ca9b94143fcc155f4f6c0c5ee1dc783c0d613968482c2356b95d73c9a6304cf9,2026-02-15T17:46:00Z,2026-02,volatility,ADA,DOGE|LINK|ETH,0.00787125927445634,0.008956397985920779,10.851387114644389
event_ca9b94143fcc155f4f6c0c5ee1dc783c0d613968482c2356b95d73c9a6304cf9,2026-02-15T17:46:00Z,2026-02,volatility,LTC,DOGE|LINK|ETH,0.00787125927445634,0.008353724724691747,4.824654502354076
event_ca9b94143fcc155f4f6c0c5ee1dc783c0d613968482c2356b95d73c9a6304cf9,2026-02-15T17:46:00Z,2026-02,max_drawdown,XRP,DOGE|LINK|ETH,0.006640274532266112,0.00901743370516336,23.771591728972478
event_ca9b94143fcc155f4f6c0c5ee1dc783c0d613968482c2356b95d73c9a6304cf9,2026-02-15T17:46:00Z,2026-02,max_drawdown,ADA,DOGE|LINK|ETH,0.006640274532266112,0.00819088319088308,15.506086586169676
event_ca9b94143fcc155f4f6c0c5ee1dc783c0d613968482c2356b95d73c9a6304cf9,2026-02-15T17:46:00Z,2026-02,max_drawdown,LTC,DOGE|LINK|ETH,0.006640274532266112,0.006760460442170609,1.2018590990449731
event_bef8d182d376972d9176ff55ee3c64546a01261cbe3906388f29986350340f85,2026-02-16T11:11:00Z,2026-02,volatility,SOL,LINK|XRP|LTC,0.006354576099933084,0.0076419102906549055,12.873341907218213
event_bef8d182d376972d9176ff55ee3c64546a01261cbe3906388f29986350340f85,2026-02-16T11:11:00Z,2026-02,volatility,DOGE,LINK|XRP|LTC,0.006354576099933084,0.010807167353218464,44.5259125328538
event_bef8d182d376972d9176ff55ee3c64546a01261cbe3906388f29986350340f85,2026-02-16T11:11:00Z,2026-02,volatility,ADA,LINK|XRP|LTC,0.006354576099933084,0.008550404620245101,21.95828520312017
event_bef8d182d376972d9176ff55ee3c64546a01261cbe3906388f29986350340f85,2026-02-16T11:11:00Z,2026-02,volatility,AVAX,LINK|XRP|LTC,0.006354576099933084,0.007826419285366905,14.718431854338206
event_bef8d182d376972d9176ff55ee3c64546a01261cbe3906388f29986350340f85,2026-02-16T11:11:00Z,2026-02,max_drawdown,SOL,LINK|XRP|LTC,0.005951273944578767,0.00809099437148215,21.39720426903383
event_bef8d182d376972d9176ff55ee3c64546a01261cbe3906388f29986350340f85,2026-02-16T11:11:00Z,2026-02,max_drawdown,DOGE,LINK|XRP|LTC,0.005951273944578767,0.01243756732935077,64.86293384772004
event_bef8d182d376972d9176ff55ee3c64546a01261cbe3906388f29986350340f85,2026-02-16T11:11:00Z,2026-02,max_drawdown,ADA,LINK|XRP|LTC,0.005951273944578767,0.008528784648187484,25.77510703608717
event_bef8d182d376972d9176ff55ee3c64546a01261cbe3906388f29986350340f85,2026-02-16T11:11:00Z,2026-02,max_drawdown,AVAX,LINK|XRP|LTC,0.005951273944578767,0.006500541711809371,5.492677672306046
event_2d40e490d79c391432a0534ef9fdd135e51e2e6486f4fa0734c9e0f78bfb8dc6,2026-02-16T15:33:00Z,2026-02,volatility,XRP,DOGE|LINK|ADA,0.007028858211610114,0.007579493344403172,5.506351327930585
event_2d40e490d79c391432a0534ef9fdd135e51e2e6486f4fa0734c9e0f78bfb8dc6,2026-02-16T15:33:00Z,2026-02,max_drawdown,BTC,DOGE|LINK|ADA,0.002605471490129374,0.0030070644688318243,4.015929787024503
event_2d40e490d79c391432a0534ef9fdd135e51e2e6486f4fa0734c9e0f78bfb8dc6,2026-02-16T15:33:00Z,2026-02,max_drawdown,SOL,DOGE|LINK|ADA,0.002605471490129374,0.0028794241151769034,2.739526250475294
event_2d40e490d79c391432a0534ef9fdd135e51e2e6486f4fa0734c9e0f78bfb8dc6,2026-02-16T15:33:00Z,2026-02,max_drawdown,BNB,DOGE|LINK|ADA,0.002605471490129374,0.003479688141157168,8.742166510277938
event_2d40e490d79c391432a0534ef9fdd135e51e2e6486f4fa0734c9e0f78bfb8dc6,2026-02-16T15:33:00Z,2026-02,max_drawdown,XRP,DOGE|LINK|ADA,0.002605471490129374,0.0028553946563329956,2.499231662036216
event_2d40e490d79c391432a0534ef9fdd135e51e2e6486f4fa0734c9e0f78bfb8dc6,2026-02-16T15:33:00Z,2026-02,max_drawdown,AVAX,DOGE|LINK|ADA,0.002605471490129374,0.0032930845225026743,6.876130323733003
event_2d40e490d79c391432a0534ef9fdd135e51e2e6486f4fa0734c9e0f78bfb8dc6,2026-02-16T15:33:00Z,2026-02,max_drawdown,LTC,DOGE|LINK|ADA,0.002605471490129374,0.0039040713887339815,12.985998986046075
event_f3c740888ed1b48a4a50a6a1e361cce86ba998e719933444b760c7a0d7705fa6,2026-02-16T21:59:00Z,2026-02,volatility,ETH,LINK|LTC|ADA,0.0037946678139164137,0.003803311849163141,0.08644035246727338
event_f3c740888ed1b48a4a50a6a1e361cce86ba998e719933444b760c7a0d7705fa6,2026-02-16T21:59:00Z,2026-02,volatility,SOL,LINK|LTC|ADA,0.0037946678139164137,0.0038029147773847036,0.08246963468289906
event_f3c740888ed1b48a4a50a6a1e361cce86ba998e719933444b760c7a0d7705fa6,2026-02-16T21:59:00Z,2026-02,volatility,XRP,LINK|LTC|ADA,0.0037946678139164137,0.003910098605493679,1.1543079157726568
event_f3c740888ed1b48a4a50a6a1e361cce86ba998e719933444b760c7a0d7705fa6,2026-02-16T21:59:00Z,2026-02,volatility,DOGE,LINK|LTC|ADA,0.0037946678139164137,0.005910159809389659,21.154919954732456
event_f3c740888ed1b48a4a50a6a1e361cce86ba998e719933444b760c7a0d7705fa6,2026-02-16T21:59:00Z,2026-02,volatility,AVAX,LINK|LTC|ADA,0.0037946678139164137,0.0058010508390704965,20.06383025154083
event_f3c740888ed1b48a4a50a6a1e361cce86ba998e719933444b760c7a0d7705fa6,2026-02-16T21:59:00Z,2026-02,max_drawdown,DOGE,LINK|LTC|ADA,0.006696428571428627,0.011058451816745616,43.62023245316989
event_fc2b994902d836156072d9ad24bae26c4c3c3613cf697e6f2a51bc97b99467c0,2026-02-18T11:09:00Z,2026-02,volatility,BTC,LINK|AVAX|DOGE,0.003945354508628841,0.004378543200988165,4.3318869235932365
event_fc2b994902d836156072d9ad24bae26c4c3c3613cf697e6f2a51bc97b99467c0,2026-02-18T11:09:00Z,2026-02,volatility,ETH,LINK|AVAX|DOGE,0.003945354508628841,0.004199408422578714,2.54053913949873
event_fc2b994902d836156072d9ad24bae26c4c3c3613cf697e6f2a51bc97b99467c0,2026-02-18T11:09:00Z,2026-02,volatility,SOL,LINK|AVAX|DOGE,0.003945354508628841,0.005249874724932013,13.045202163031716
event_fc2b994902d836156072d9ad24bae26c4c3c3613cf697e6f2a51bc97b99467c0,2026-02-18T11:09:00Z,2026-02,volatility,ADA,LINK|AVAX|DOGE,0.003945354508628841,0.006325241571528531,23.798870628996895
event_fc2b994902d836156072d9ad24bae26c4c3c3613cf697e6f2a51bc97b99467c0,2026-02-18T11:09:00Z,2026-02,volatility,LTC,LINK|AVAX|DOGE,0.003945354508628841,0.004766534664936136,8.211801563072948
event_fc2b994902d836156072d9ad24bae26c4c3c3613cf697e6f2a51bc97b99467c0,2026-02-18T11:09:00Z,2026-02,max_drawdown,BTC,LINK|AVAX|DOGE,0.0020066218521118877,0.002635341721474284,6.287198693623965
event_fc2b994902d836156072d9ad24bae26c4c3c3613cf697e6f2a51bc97b99467c0,2026-02-18T11:09:00Z,2026-02,max_drawdown,SOL,LINK|AVAX|DOGE,0.0020066218521118877,0.005017321705889231,30.106998537773432
event_fc2b994902d836156072d9ad24bae26c4c3c3613cf697e6f2a51bc97b99467c0,2026-02-18T11:09:00Z,2026-02,max_drawdown,BNB,LINK|AVAX|DOGE,0.0020066218521118877,0.003182954951443572,11.763330993316842
event_fc2b994902d836156072d9ad24bae26c4c3c3613cf697e6f2a51bc97b99467c0,2026-02-18T11:09:00Z,2026-02,max_drawdown,XRP,LINK|AVAX|DOGE,0.0020066218521118877,0.0020373514431238655,0.30729591011977814
event_fc2b994902d836156072d9ad24bae26c4c3c3613cf697e6f2a51bc97b99467c0,2026-02-18T11:09:00Z,2026-02,max_drawdown,ADA,LINK|AVAX|DOGE,0.0020066218521118877,0.004961020552799476,29.543987006875888
event_fc2b994902d836156072d9ad24bae26c4c3c3613cf697e6f2a51bc97b99467c0,2026-02-18T11:09:00Z,2026-02,max_drawdown,LTC,LINK|AVAX|DOGE,0.0020066218521118877,0.0027716186252771356,7.649967731652479
event_23cd52d6922f56951feecba31a14c2c2bdbb1503009151d043e43be50937dba1,2026-02-18T18:20:00Z,2026-02,max_drawdown,BTC,LINK|DOGE|ADA,0.009205983889528202,0.009360814471836626,1.548305823084236
event_23cd52d6922f56951feecba31a14c2c2bdbb1503009151d043e43be50937dba1,2026-02-18T18:20:00Z,2026-02,max_drawdown,ETH,LINK|DOGE|ADA,0.009205983889528202,0.009438126988476306,2.321430989481038
event_23cd52d6922f56951feecba31a14c2c2bdbb1503009151d043e43be50937dba1,2026-02-18T18:20:00Z,2026-02,max_drawdown,SOL,LINK|DOGE|ADA,0.009205983889528202,0.010013432653559744,8.074487640315416
event_aa7232da3214d54cd55e3f260d4d0f5c098552019607c2b0e9a0b28bf186ae7f,2026-02-19T05:22:00Z,2026-02,volatility,XRP,DOGE|LINK|AVAX,0.004717548575088294,0.005540060415934898,8.225118408466038
event_aa7232da3214d54cd55e3f260d4d0f5c098552019607c2b0e9a0b28bf186ae7f,2026-02-19T05:22:00Z,2026-02,max_drawdown,SOL,DOGE|LINK|AVAX,0.00225179119754348,0.003667033370003632,14.152421724601522
event_aa7232da3214d54cd55e3f260d4d0f5c098552019607c2b0e9a0b28bf186ae7f,2026-02-19T05:22:00Z,2026-02,max_drawdown,XRP,DOGE|LINK|AVAX,0.00225179119754348,0.004250797024442087,19.990058268986072
event_aa7232da3214d54cd55e3f260d4d0f5c098552019607c2b0e9a0b28bf186ae7f,2026-02-19T05:22:00Z,2026-02,max_drawdown,ADA,DOGE|LINK|AVAX,0.00225179119754348,0.0025538124771982266,3.0202127965474683
event_70cdf05df5e1e982c3a937c5c9ffae401deb927141c9ab0b00435bd31f9582de,2026-02-19T13:07:00Z,2026-02,volatility,AVAX,LINK|SOL|XRP,0.004506854934903364,0.004968407238396844,4.6155230349347995
event_0564567943a4cfe4176a2f0fecff519ddcb88183cabdce8033e2dfaa18949e37,2026-02-20T05:33:00Z,2026-02,volatility,ETH,LINK|XRP|SOL,0.004276946145363402,0.004634677652855497,3.5773150749209526
event_0564567943a4cfe4176a2f0fecff519ddcb88183cabdce8033e2dfaa18949e37,2026-02-20T05:33:00Z,2026-02,volatility,DOGE,LINK|XRP|SOL,0.004276946145363402,0.005796172314203425,15.19226168840023
event_0564567943a4cfe4176a2f0fecff519ddcb88183cabdce8033e2dfaa18949e37,2026-02-20T05:33:00Z,2026-02,volatility,ADA,LINK|XRP|SOL,0.004276946145363402,0.00527539167509859,9.984455297351877
event_0564567943a4cfe4176a2f0fecff519ddcb88183cabdce8033e2dfaa18949e37,2026-02-20T05:33:00Z,2026-02,volatility,AVAX,LINK|XRP|SOL,0.004276946145363402,0.006539580367857213,22.62634222493811
event_0564567943a4cfe4176a2f0fecff519ddcb88183cabdce8033e2dfaa18949e37,2026-02-20T05:33:00Z,2026-02,max_drawdown,BTC,LINK|XRP|SOL,0.0035834738617201408,0.003663032752289421,0.7955889056928018
event_0564567943a4cfe4176a2f0fecff519ddcb88183cabdce8033e2dfaa18949e37,2026-02-20T05:33:00Z,2026-02,max_drawdown,ETH,LINK|XRP|SOL,0.0035834738617201408,0.003767236764968317,1.8376290324817641
event_0564567943a4cfe4176a2f0fecff519ddcb88183cabdce8033e2dfaa18949e37,2026-02-20T05:33:00Z,2026-02,max_drawdown,DOGE,LINK|XRP|SOL,0.0035834738617201408,0.006320858834152621,27.3738497243248
event_0564567943a4cfe4176a2f0fecff519ddcb88183cabdce8033e2dfaa18949e37,2026-02-20T05:33:00Z,2026-02,max_drawdown,ADA,LINK|XRP|SOL,0.0035834738617201408,0.005797101449275528,22.136275875553874
event_0564567943a4cfe4176a2f0fecff519ddcb88183cabdce8033e2dfaa18949e37,2026-02-20T05:33:00Z,2026-02,max_drawdown,AVAX,LINK|XRP|SOL,0.0035834738617201408,0.004424778761061853,8.413048993417124
event_0564567943a4cfe4176a2f0fecff519ddcb88183cabdce8033e2dfaa18949e37,2026-02-20T05:33:00Z,2026-02,max_drawdown,LTC,LINK|XRP|SOL,0.0035834738617201408,0.0042878448918718115,7.0437103015167075
event_4db9531ed204b3c6bc9a96f73f7a38549dde798f7fe87b743508449fec16732b,2026-02-20T07:33:00Z,2026-02,volatility,ADA,AVAX|LINK|SOL,0.003599164494900708,0.004195368160506767,5.962036656060595
event_4db9531ed204b3c6bc9a96f73f7a38549dde798f7fe87b743508449fec16732b,2026-02-20T07:33:00Z,2026-02,max_drawdown,ADA,AVAX|LINK|SOL,0.004534606205250542,0.005094614264919987,5.600080596694446
event_a79e67c6ad9d3d107fc2a0b903d36718782ff1be41af6ef4c36fe0002a97f985,2026-02-20T07:56:00Z,2026-02,max_drawdown,XRP,AVAX|LINK|ADA,0.00216919739696327,0.0037258347978910947,15.566374009278249
event_a79e67c6ad9d3d107fc2a0b903d36718782ff1be41af6ef4c36fe0002a97f985,2026-02-20T07:56:00Z,2026-02,max_drawdown,DOGE,AVAX|LINK|ADA,0.00216919739696327,0.0022219977780022016,0.5280038103893172
event_1e62dce10b7d6edfe96033dc41ffc557b7bd83619b06e8a361d5de33d3b12672,2026-02-20T09:03:00Z,2026-02,volatility,ETH,AVAX|LINK|ADA,0.003043920475809949,0.003125982705817585,0.8206223000763614
event_1e62dce10b7d6edfe96033dc41ffc557b7bd83619b06e8a361d5de33d3b12672,2026-02-20T09:03:00Z,2026-02,volatility,SOL,AVAX|LINK|ADA,0.003043920475809949,0.004638295004966192,15.943745291562431
event_1e62dce10b7d6edfe96033dc41ffc557b7bd83619b06e8a361d5de33d3b12672,2026-02-20T09:03:00Z,2026-02,volatility,BNB,AVAX|LINK|ADA,0.003043920475809949,0.0030555135453517067,0.11593069541757615
event_1e62dce10b7d6edfe96033dc41ffc557b7bd83619b06e8a361d5de33d3b12672,2026-02-20T09:03:00Z,2026-02,volatility,XRP,AVAX|LINK|ADA,0.003043920475809949,0.0044911696774491364,14.472492016391874
event_1e62dce10b7d6edfe96033dc41ffc557b7bd83619b06e8a361d5de33d3b12672,2026-02-20T09:03:00Z,2026-02,volatility,DOGE,AVAX|LINK|ADA,0.003043920475809949,0.003322638278605944,2.78717802795995
event_1e62dce10b7d6edfe96033dc41ffc557b7bd83619b06e8a361d5de33d3b12672,2026-02-20T09:03:00Z,2026-02,max_drawdown,SOL,AVAX|LINK|ADA,0.0025289017341039682,0.0028409090909091985,3.120073568052303
event_1e62dce10b7d6edfe96033dc41ffc557b7bd83619b06e8a361d5de33d3b12672,2026-02-20T09:03:00Z,2026-02,max_drawdown,BNB,AVAX|LINK|ADA,0.0025289017341039682,0.0026872526506082593,1.5835091650429112
event_1e62dce10b7d6edfe96033dc41ffc557b7bd83619b06e8a361d5de33d3b12672,2026-02-20T09:03:00Z,2026-02,max_drawdown,XRP,AVAX|LINK|ADA,0.0025289017341039682,0.0035709284413946805,10.420267072907123
event_866c61036efde110f46d59e78a79d3f0b5abe0f765caefd8e89ec0e86bef2133,2026-02-20T15:02:00Z,2026-02,volatility,SOL,ADA|DOGE|LINK,0.014617909683983769,0.01603605885071971,14.181491667359397
event_866c61036efde110f46d59e78a79d3f0b5abe0f765caefd8e89ec0e86bef2133,2026-02-20T15:02:00Z,2026-02,max_drawdown,BTC,ADA|DOGE|LINK,0.017064846416382094,0.021760881065220117,46.96034648838023
event_866c61036efde110f46d59e78a79d3f0b5abe0f765caefd8e89ec0e86bef2133,2026-02-20T15:02:00Z,2026-02,max_drawdown,ETH,ADA|DOGE|LINK,0.017064846416382094,0.01948305106199844,24.18204645616345
event_866c61036efde110f46d59e78a79d3f0b5abe0f765caefd8e89ec0e86bef2133,2026-02-20T15:02:00Z,2026-02,max_drawdown,SOL,ADA|DOGE|LINK,0.017064846416382094,0.022923313245893865,58.584668295117716
event_8e56a35fa8dff308ca756e9ba419a88844964717800cfc1845960a0024be83e3,2026-02-21T03:02:00Z,2026-02,volatility,AVAX,LINK|ADA|DOGE,0.003526832631970815,0.003931657700381265,4.048250684104502
event_8e56a35fa8dff308ca756e9ba419a88844964717800cfc1845960a0024be83e3,2026-02-21T03:02:00Z,2026-02,max_drawdown,BTC,LINK|ADA|DOGE,0.0013019529293940035,0.001557757613741316,2.5580468434731243
event_8e56a35fa8dff308ca756e9ba419a88844964717800cfc1845960a0024be83e3,2026-02-21T03:02:00Z,2026-02,max_drawdown,SOL,LINK|ADA|DOGE,0.0013019529293940035,0.002958229795290498,16.562768658964945
event_8e56a35fa8dff308ca756e9ba419a88844964717800cfc1845960a0024be83e3,2026-02-21T03:02:00Z,2026-02,max_drawdown,AVAX,LINK|ADA|DOGE,0.0013019529293940035,0.0021810250817883943,8.790721523943908
event_8e56a35fa8dff308ca756e9ba419a88844964717800cfc1845960a0024be83e3,2026-02-21T03:02:00Z,2026-02,max_drawdown,LTC,LINK|ADA|DOGE,0.0013019529293940035,0.001817520901490393,5.155679720963895
event_1b4d8caefd17fc5cda1d87540a2dea1c06968349de85fc0b4b1f5ea975d24e97,2026-02-21T14:21:00Z,2026-02,max_drawdown,LTC,SOL|AVAX|LINK,0.0046184043413001466,0.006287048679719803,16.686443384196565
event_3b5e78c18a83c3901a40534625b0e663198f1b53305b96ade08811fa81331dba,2026-02-22T00:02:00Z,2026-02,volatility,SOL,LINK|AVAX|LTC,0.0032924625763215507,0.0035621718558148745,2.697092794933238
event_3b5e78c18a83c3901a40534625b0e663198f1b53305b96ade08811fa81331dba,2026-02-22T00:02:00Z,2026-02,volatility,XRP,LINK|AVAX|LTC,0.0032924625763215507,0.0047841877167157255,14.917251403941748
event_3b5e78c18a83c3901a40534625b0e663198f1b53305b96ade08811fa81331dba,2026-02-22T00:02:00Z,2026-02,volatility,DOGE,LINK|AVAX|LTC,0.0032924625763215507,0.00364116445857142,3.487018822498694
event_3b5e78c18a83c3901a40534625b0e663198f1b53305b96ade08811fa81331dba,2026-02-22T00:02:00Z,2026-02,volatility,ADA,LINK|AVAX|LTC,0.0032924625763215507,0.004641660847789535,13.491982714679846
event_3b5e78c18a83c3901a40534625b0e663198f1b53305b96ade08811fa81331dba,2026-02-22T00:02:00Z,2026-02,max_drawdown,BTC,LINK|AVAX|LTC,0.0016429353778751991,0.003569330119912522,19.26394742037323
event_3b5e78c18a83c3901a40534625b0e663198f1b53305b96ade08811fa81331dba,2026-02-22T00:02:00Z,2026-02,max_drawdown,ETH,LINK|AVAX|LTC,0.0016429353778751991,0.0033467337701132624,17.037983922380633
event_3b5e78c18a83c3901a40534625b0e663198f1b53305b96ade08811fa81331dba,2026-02-22T00:02:00Z,2026-02,max_drawdown,SOL,LINK|AVAX|LTC,0.0016429353778751991,0.004107499119821551,24.64563741946352
event_3b5e78c18a83c3901a40534625b0e663198f1b53305b96ade08811fa81331dba,2026-02-22T00:02:00Z,2026-02,max_drawdown,BNB,LINK|AVAX|LTC,0.0016429353778751991,0.004329834315934168,26.868989380589692
event_3b5e78c18a83c3901a40534625b0e663198f1b53305b96ade08811fa81331dba,2026-02-22T00:02:00Z,2026-02,max_drawdown,XRP,LINK|AVAX|LTC,0.0016429353778751991,0.004812722326846555,31.697869489713565
event_3b5e78c18a83c3901a40534625b0e663198f1b53305b96ade08811fa81331dba,2026-02-22T00:02:00Z,2026-02,max_drawdown,DOGE,LINK|AVAX|LTC,0.0016429353778751991,0.007711821410451515,60.68886032576316
event_3b5e78c18a83c3901a40534625b0e663198f1b53305b96ade08811fa81331dba,2026-02-22T00:02:00Z,2026-02,max_drawdown,ADA,LINK|AVAX|LTC,0.0016429353778751991,0.0067832916815423515,51.40356303667153
event_5887ff1d9d561cb1327b80dd63a2dd62b7c9ea95885533539567e767421368b8,2026-02-22T13:09:00Z,2026-02,max_drawdown,BTC,AVAX|SOL|LINK,0.0033632286995514977,0.005306600827032624,19.43372127481126
event_5887ff1d9d561cb1327b80dd63a2dd62b7c9ea95885533539567e767421368b8,2026-02-22T13:09:00Z,2026-02,max_drawdown,ETH,AVAX|SOL|LINK,0.0033632286995514977,0.00581330352152043,24.50074821968932
event_5887ff1d9d561cb1327b80dd63a2dd62b7c9ea95885533539567e767421368b8,2026-02-22T13:09:00Z,2026-02,max_drawdown,XRP,AVAX|SOL|LINK,0.0033632286995514977,0.004041406693136726,6.781779935852283
event_a9d4bae3492e55a7a31e1e005f30079bee9cc9bceb37257b33bfc9310ceb56e7,2026-02-22T15:40:00Z,2026-02,max_drawdown,ETH,LTC|LINK|AVAX,0.003555389221556844,0.003707619003845617,1.5222978228877309
event_a9d4bae3492e55a7a31e1e005f30079bee9cc9bceb37257b33bfc9310ceb56e7,2026-02-22T15:40:00Z,2026-02,max_drawdown,SOL,LTC|LINK|AVAX,0.003555389221556844,0.005136781746505706,15.813925249488621
event_a9d4bae3492e55a7a31e1e005f30079bee9cc9bceb37257b33bfc9310ceb56e7,2026-02-22T15:40:00Z,2026-02,max_drawdown,BNB,LTC|LINK|AVAX,0.003555389221556844,0.004797562319686272,12.421730981294283
event_a9d4bae3492e55a7a31e1e005f30079bee9cc9bceb37257b33bfc9310ceb56e7,2026-02-22T15:40:00Z,2026-02,max_drawdown,DOGE,LTC|LINK|AVAX,0.003555389221556844,0.005208333333333338,16.529441117764943
event_a9d4bae3492e55a7a31e1e005f30079bee9cc9bceb37257b33bfc9310ceb56e7,2026-02-22T15:40:00Z,2026-02,max_drawdown,ADA,LTC|LINK|AVAX,0.003555389221556844,0.006245407788390813,26.90018566833969
event_a353547c8c147d6d4c00d43877a7b6ade99755ca66abd4650c13122866c0764e,2026-02-23T01:00:00Z,2026-02,volatility,ETH,XRP|LINK|AVAX,0.015409573695204981,0.016594653055894568,11.850793606895861
event_a353547c8c147d6d4c00d43877a7b6ade99755ca66abd4650c13122866c0764e,2026-02-23T01:00:00Z,2026-02,volatility,SOL,XRP|LINK|AVAX,0.015409573695204981,0.01929811691125719,38.88543216052207
event_a353547c8c147d6d4c00d43877a7b6ade99755ca66abd4650c13122866c0764e,2026-02-23T01:00:00Z,2026-02,volatility,DOGE,XRP|LINK|AVAX,0.015409573695204981,0.021184288323073657,57.747146278686756
event_a353547c8c147d6d4c00d43877a7b6ade99755ca66abd4650c13122866c0764e,2026-02-23T01:00:00Z,2026-02,volatility,ADA,XRP|LINK|AVAX,0.015409573695204981,0.02200062698175813,65.91053286553147
event_a353547c8c147d6d4c00d43877a7b6ade99755ca66abd4650c13122866c0764e,2026-02-23T01:00:00Z,2026-02,volatility,LTC,XRP|LINK|AVAX,0.015409573695204981,0.017320949843050083,19.113761478451018
event_a353547c8c147d6d4c00d43877a7b6ade99755ca66abd4650c13122866c0764e,2026-02-23T01:00:00Z,2026-02,max_drawdown,BTC,XRP|LINK|AVAX,0.0240187463386057,0.025329009520010888,13.102631814051884
event_a353547c8c147d6d4c00d43877a7b6ade99755ca66abd4650c13122866c0764e,2026-02-23T01:00:00Z,2026-02,max_drawdown,ETH,XRP|LINK|AVAX,0.0240187463386057,0.030444382249587964,64.25635910982264
event_a353547c8c147d6d4c00d43877a7b6ade99755ca66abd4650c13122866c0764e,2026-02-23T01:00:00Z,2026-02,max_drawdown,SOL,XRP|LINK|AVAX,0.0240187463386057,0.039941010200319524,159.22263861713824
event_a353547c8c147d6d4c00d43877a7b6ade99755ca66abd4650c13122866c0764e,2026-02-23T01:00:00Z,2026-02,max_drawdown,BNB,XRP|LINK|AVAX,0.0240187463386057,0.025287849295635316,12.691029570296164
event_a353547c8c147d6d4c00d43877a7b6ade99755ca66abd4650c13122866c0764e,2026-02-23T01:00:00Z,2026-02,max_drawdown,DOGE,XRP|LINK|AVAX,0.0240187463386057,0.02995659997882925,59.37853640223551
event_a353547c8c147d6d4c00d43877a7b6ade99755ca66abd4650c13122866c0764e,2026-02-23T01:00:00Z,2026-02,max_drawdown,ADA,XRP|LINK|AVAX,0.0240187463386057,0.036140089418778096,121.21343080172396
event_a353547c8c147d6d4c00d43877a7b6ade99755ca66abd4650c13122866c0764e,2026-02-23T01:00:00Z,2026-02,max_drawdown,LTC,XRP|LINK|AVAX,0.0240187463386057,0.03188077721184678,78.62030873241082
event_f36345b3b743f398533c61ed7063b73d8e145c15204d963d76944c70151d65ff,2026-02-23T09:32:00Z,2026-02,volatility,SOL,XRP|LINK|ADA,0.006763670255638667,0.008188272235092208,14.24601979453541
event_f36345b3b743f398533c61ed7063b73d8e145c15204d963d76944c70151d65ff,2026-02-23T09:32:00Z,2026-02,volatility,AVAX,XRP|LINK|ADA,0.006763670255638667,0.008093479256920505,13.29809001281838
event_f36345b3b743f398533c61ed7063b73d8e145c15204d963d76944c70151d65ff,2026-02-23T09:32:00Z,2026-02,max_drawdown,ETH,XRP|LINK|ADA,0.0025830258302584276,0.002716569509765994,1.3354367950756638
event_f36345b3b743f398533c61ed7063b73d8e145c15204d963d76944c70151d65ff,2026-02-23T09:32:00Z,2026-02,max_drawdown,SOL,XRP|LINK|ADA,0.0025830258302584276,0.0038514101130573746,12.683842827989471
event_f36345b3b743f398533c61ed7063b73d8e145c15204d963d76944c70151d65ff,2026-02-23T09:32:00Z,2026-02,max_drawdown,BNB,XRP|LINK|ADA,0.0025830258302584276,0.002606130142599626,0.23104312341198396
event_f36345b3b743f398533c61ed7063b73d8e145c15204d963d76944c70151d65ff,2026-02-23T09:32:00Z,2026-02,max_drawdown,DOGE,XRP|LINK|ADA,0.0025830258302584276,0.002895553257497297,3.125274272388692
event_f36345b3b743f398533c61ed7063b73d8e145c15204d963d76944c70151d65ff,2026-02-23T09:32:00Z,2026-02,max_drawdown,AVAX,XRP|LINK|ADA,0.0025830258302584276,0.003444316877152828,8.612910468944005
event_f36345b3b743f398533c61ed7063b73d8e145c15204d963d76944c70151d65ff,2026-02-23T09:32:00Z,2026-02,max_drawdown,LTC,XRP|LINK|ADA,0.0025830258302584276,0.0032075471698113527,6.245213395529251
event_7554bbde650eec01454312b4b8cf50143657c7c37a282262923b3dde783d218d,2026-02-23T12:37:00Z,2026-02,volatility,XRP,ADA|LINK|AVAX,0.006736394185741153,0.008666133008182253,19.297388224410998
event_7554bbde650eec01454312b4b8cf50143657c7c37a282262923b3dde783d218d,2026-02-23T12:37:00Z,2026-02,max_drawdown,XRP,ADA|LINK|AVAX,0.006181818181818308,0.00732136571629721,11.395475344789016
event_58cfc808762f687a4959aef8ea0f5d53f42ec45d23d5bb0106f19e0b9e6b37dc,2026-02-24T01:17:00Z,2026-02,volatility,DOGE,SOL|LINK|ETH,0.015196456601622903,0.016687604024378078,14.911474227551746
event_58cfc808762f687a4959aef8ea0f5d53f42ec45d23d5bb0106f19e0b9e6b37dc,2026-02-24T01:17:00Z,2026-02,volatility,ADA,SOL|LINK|ETH,0.015196456601622903,0.01643224472080285,12.35788119179947
event_58cfc808762f687a4959aef8ea0f5d53f42ec45d23d5bb0106f19e0b9e6b37dc,2026-02-24T01:17:00Z,2026-02,volatility,AVAX,SOL|LINK|ETH,0.015196456601622903,0.015403065190676347,2.0660858905344366
event_58cfc808762f687a4959aef8ea0f5d53f42ec45d23d5bb0106f19e0b9e6b37dc,2026-02-24T01:17:00Z,2026-02,max_drawdown,XRP,SOL|LINK|ETH,0.007228915662650662,0.009181724695166708,19.52809032516046
event_58cfc808762f687a4959aef8ea0f5d53f42ec45d23d5bb0106f19e0b9e6b37dc,2026-02-24T01:17:00Z,2026-02,max_drawdown,DOGE,SOL|LINK|ETH,0.007228915662650662,0.008981075590719634,17.521599280689728
event_58cfc808762f687a4959aef8ea0f5d53f42ec45d23d5bb0106f19e0b9e6b37dc,2026-02-24T01:17:00Z,2026-02,max_drawdown,ADA,SOL|LINK|ETH,0.007228915662650662,0.010254462590201217,30.25546927550555
event_58cfc808762f687a4959aef8ea0f5d53f42ec45d23d5bb0106f19e0b9e6b37dc,2026-02-24T01:17:00Z,2026-02,max_drawdown,AVAX,SOL|LINK|ETH,0.007228915662650662,0.008303677342823284,10.747616801726227
event_58cfc808762f687a4959aef8ea0f5d53f42ec45d23d5bb0106f19e0b9e6b37dc,2026-02-24T01:17:00Z,2026-02,max_drawdown,LTC,SOL|LINK|ETH,0.007228915662650662,0.007518796992481215,2.8988132983055315
event_2386fb225dc13c04c72820a5b10647bd165632608ea13d765e6c0f0f0d95e988,2026-02-24T13:33:00Z,2026-02,volatility,SOL,ETH|LINK|AVAX,0.00814253306562969,0.00887099545784673,7.28462392217041
event_2386fb225dc13c04c72820a5b10647bd165632608ea13d765e6c0f0f0d95e988,2026-02-24T13:33:00Z,2026-02,volatility,DOGE,ETH|LINK|AVAX,0.00814253306562969,0.008741973228693661,5.994401630639717
event_2386fb225dc13c04c72820a5b10647bd165632608ea13d765e6c0f0f0d95e988,2026-02-24T13:33:00Z,2026-02,volatility,ADA,ETH|LINK|AVAX,0.00814253306562969,0.008813848284966088,6.713152193363984
event_2386fb225dc13c04c72820a5b10647bd165632608ea13d765e6c0f0f0d95e988,2026-02-24T13:33:00Z,2026-02,max_drawdown,SOL,ETH|LINK|AVAX,0.003722697473177895,0.0037785016286645766,0.558041554866817
event_2386fb225dc13c04c72820a5b10647bd165632608ea13d765e6c0f0f0d95e988,2026-02-24T13:33:00Z,2026-02,max_drawdown,XRP,ETH|LINK|AVAX,0.003722697473177895,0.003973013493253435,2.5031602007553975
event_2386fb225dc13c04c72820a5b10647bd165632608ea13d765e6c0f0f0d95e988,2026-02-24T13:33:00Z,2026-02,max_drawdown,DOGE,ETH|LINK|AVAX,0.003722697473177895,0.004393190554640433,6.704930814625384
event_bc11a0e819b8949f691ac7b14a5d11752705f7c64fb0220ac5ecfc8fca933b97,2026-02-25T01:11:00Z,2026-02,volatility,BTC,SOL|ETH|AVAX,0.012624571079589876,0.0137979094108931,11.733383313032238
event_bc11a0e819b8949f691ac7b14a5d11752705f7c64fb0220ac5ecfc8fca933b97,2026-02-25T01:11:00Z,2026-02,volatility,XRP,SOL|ETH|AVAX,0.012624571079589876,0.016076233910195473,34.51662830605598
event_bc11a0e819b8949f691ac7b14a5d11752705f7c64fb0220ac5ecfc8fca933b97,2026-02-25T01:11:00Z,2026-02,volatility,DOGE,SOL|ETH|AVAX,0.012624571079589876,0.013656199313467256,10.316282338773807
event_bc11a0e819b8949f691ac7b14a5d11752705f7c64fb0220ac5ecfc8fca933b97,2026-02-25T01:11:00Z,2026-02,volatility,ADA,SOL|ETH|AVAX,0.012624571079589876,0.014753644145458397,21.290730658685213
event_bc11a0e819b8949f691ac7b14a5d11752705f7c64fb0220ac5ecfc8fca933b97,2026-02-25T01:11:00Z,2026-02,volatility,LINK,SOL|ETH|AVAX,0.012624571079589876,0.014480476378373124,18.55905298783248
event_bc11a0e819b8949f691ac7b14a5d11752705f7c64fb0220ac5ecfc8fca933b97,2026-02-25T01:11:00Z,2026-02,max_drawdown,BTC,SOL|ETH|AVAX,0.004618937644341908,0.005097536431444769,4.785987871028614
event_bc11a0e819b8949f691ac7b14a5d11752705f7c64fb0220ac5ecfc8fca933b97,2026-02-25T01:11:00Z,2026-02,max_drawdown,BNB,SOL|ETH|AVAX,0.004618937644341908,0.005836932775211381,12.179951308694728
event_bc11a0e819b8949f691ac7b14a5d11752705f7c64fb0220ac5ecfc8fca933b97,2026-02-25T01:11:00Z,2026-02,max_drawdown,XRP,SOL|ETH|AVAX,0.004618937644341908,0.008735500501217233,41.16562856875325
event_bc11a0e819b8949f691ac7b14a5d11752705f7c64fb0220ac5ecfc8fca933b97,2026-02-25T01:11:00Z,2026-02,max_drawdown,DOGE,SOL|ETH|AVAX,0.004618937644341908,0.009281721337411725,46.62783693069817
event_bc11a0e819b8949f691ac7b14a5d11752705f7c64fb0220ac5ecfc8fca933b97,2026-02-25T01:11:00Z,2026-02,max_drawdown,ADA,SOL|ETH|AVAX,0.004618937644341908,0.009269558769002604,46.50621124660696
event_bc11a0e819b8949f691ac7b14a5d11752705f7c64fb0220ac5ecfc8fca933b97,2026-02-25T01:11:00Z,2026-02,max_drawdown,LINK,SOL|ETH|AVAX,0.004618937644341908,0.005834305717619686,12.153680732777776
event_bc11a0e819b8949f691ac7b14a5d11752705f7c64fb0220ac5ecfc8fca933b97,2026-02-25T01:11:00Z,2026-02,max_drawdown,LTC,SOL|ETH|AVAX,0.004618937644341908,0.005485152260261002,8.662146159190941
event_a5fce7c50690b8e73f53cfe82fd2f2487c63d0640cc3c40bf67d139e26af2e87,2026-02-25T11:23:00Z,2026-02,volatility,SOL,AVAX|LINK|ADA,0.003697448441416124,0.004039326764859589,3.4187832344346503
event_a5fce7c50690b8e73f53cfe82fd2f2487c63d0640cc3c40bf67d139e26af2e87,2026-02-25T11:23:00Z,2026-02,max_drawdown,SOL,AVAX|LINK|ADA,0.002314814814814971,0.0027660853878533247,4.512705730383539
event_a5fce7c50690b8e73f53cfe82fd2f2487c63d0640cc3c40bf67d139e26af2e87,2026-02-25T11:23:00Z,2026-02,max_drawdown,DOGE,AVAX|LINK|ADA,0.002314814814814971,0.002653927813163484,3.3911299834851314
event_a5fce7c50690b8e73f53cfe82fd2f2487c63d0640cc3c40bf67d139e26af2e87,2026-02-25T11:23:00Z,2026-02,max_drawdown,LTC,AVAX|LINK|ADA,0.002314814814814971,0.0037404151860855757,14.256003712706049
event_5b8b18a47b362d1631d24452a232b67c8931b5b01f934c2a474e17b7ac701bc8,2026-02-25T21:35:00Z,2026-02,volatility,SOL,ADA|LINK|ETH,0.013261333453265066,0.01735083196774865,40.89498514483583
event_5b8b18a47b362d1631d24452a232b67c8931b5b01f934c2a474e17b7ac701bc8,2026-02-25T21:35:00Z,2026-02,volatility,DOGE,ADA|LINK|ETH,0.013261333453265066,0.014954336787392742,16.930033341276754
event_5b8b18a47b362d1631d24452a232b67c8931b5b01f934c2a474e17b7ac701bc8,2026-02-25T21:35:00Z,2026-02,max_drawdown,BTC,ADA|LINK|ETH,0.010449320794148342,0.014557429080622833,41.08108286474491
event_5b8b18a47b362d1631d24452a232b67c8931b5b01f934c2a474e17b7ac701bc8,2026-02-25T21:35:00Z,2026-02,max_drawdown,SOL,ADA|LINK|ETH,0.010449320794148342,0.023516603157321684,130.67282363173342
event_5b8b18a47b362d1631d24452a232b67c8931b5b01f934c2a474e17b7ac701bc8,2026-02-25T21:35:00Z,2026-02,max_drawdown,XRP,ADA|LINK|ETH,0.010449320794148342,0.012141946736432553,16.926259422842104
event_5b8b18a47b362d1631d24452a232b67c8931b5b01f934c2a474e17b7ac701bc8,2026-02-25T21:35:00Z,2026-02,max_drawdown,AVAX,ADA|LINK|ETH,0.010449320794148342,0.013238289205702728,27.889684115543854
event_5b8b18a47b362d1631d24452a232b67c8931b5b01f934c2a474e17b7ac701bc8,2026-02-25T21:35:00Z,2026-02,max_drawdown,LTC,ADA|LINK|ETH,0.010449320794148342,0.012557271338876666,21.07950544728324
event_016fe47f645d2144ce570d64cdbf7715119423e97672832e69b1b8fb1435e6ea,2026-02-26T14:12:00Z,2026-02,volatility,ETH,LINK|ADA|AVAX,0.007350024145195985,0.008520113955306614,11.700898101106297
event_016fe47f645d2144ce570d64cdbf7715119423e97672832e69b1b8fb1435e6ea,2026-02-26T14:12:00Z,2026-02,volatility,SOL,LINK|ADA|AVAX,0.007350024145195985,0.00872104514412174,13.71020998925756
event_016fe47f645d2144ce570d64cdbf7715119423e97672832e69b1b8fb1435e6ea,2026-02-26T14:12:00Z,2026-02,volatility,DOGE,LINK|ADA|AVAX,0.007350024145195985,0.007674209704342956,3.241855591469712
event_016fe47f645d2144ce570d64cdbf7715119423e97672832e69b1b8fb1435e6ea,2026-02-26T14:12:00Z,2026-02,max_drawdown,SOL,LINK|ADA|AVAX,0.006396588486140778,0.007271074755737339,8.74486269596561
event_016fe47f645d2144ce570d64cdbf7715119423e97672832e69b1b8fb1435e6ea,2026-02-26T14:12:00Z,2026-02,max_drawdown,DOGE,LINK|ADA|AVAX,0.006396588486140778,0.007647413966592844,12.508254804520659
event_ff0218a94ee8074d499d7029007f6c05ef3176e42b8c502db91db0be9afffaf5,2026-02-27T04:04:00Z,2026-02,max_drawdown,BTC,DOGE|LINK|ETH,0.004771573604060895,0.005868159800686097,10.965861966252014
event_ff0218a94ee8074d499d7029007f6c05ef3176e42b8c502db91db0be9afffaf5,2026-02-27T04:04:00Z,2026-02,max_drawdown,SOL,DOGE|LINK|ETH,0.004771573604060895,0.006116900770276464,13.453271662155686
event_ff0218a94ee8074d499d7029007f6c05ef3176e42b8c502db91db0be9afffaf5,2026-02-27T04:04:00Z,2026-02,max_drawdown,AVAX,DOGE|LINK|ETH,0.004771573604060895,0.005279831045406622,5.082574413457262
event_f0017aaaf8b27d870b17116f1b4c0d8e134774c559725547f9bd2e3481be224c,2026-02-27T22:35:00Z,2026-02,volatility,SOL,ETH|ADA|LINK,0.006994511160686386,0.007280668286961582,2.861571262751956
event_f0017aaaf8b27d870b17116f1b4c0d8e134774c559725547f9bd2e3481be224c,2026-02-27T22:35:00Z,2026-02,volatility,DOGE,ETH|ADA|LINK,0.006994511160686386,0.007498049191079596,5.035380303932101
event_f0017aaaf8b27d870b17116f1b4c0d8e134774c559725547f9bd2e3481be224c,2026-02-27T22:35:00Z,2026-02,max_drawdown,BTC,ETH|ADA|LINK,0.0014471780028941967,0.0018874564856303758,4.40278482736179
event_f0017aaaf8b27d870b17116f1b4c0d8e134774c559725547f9bd2e3481be224c,2026-02-27T22:35:00Z,2026-02,max_drawdown,SOL,ETH|ADA|LINK,0.0014471780028941967,0.004168710152035353,27.215321491411565
event_f0017aaaf8b27d870b17116f1b4c0d8e134774c559725547f9bd2e3481be224c,2026-02-27T22:35:00Z,2026-02,max_drawdown,XRP,ETH|ADA|LINK,0.0014471780028941967,0.0015493581230632957,1.0218012016909896
event_f0017aaaf8b27d870b17116f1b4c0d8e134774c559725547f9bd2e3481be224c,2026-02-27T22:35:00Z,2026-02,max_drawdown,DOGE,ETH|ADA|LINK,0.0014471780028941967,0.002145922746781177,6.987447438869803
event_f0017aaaf8b27d870b17116f1b4c0d8e134774c559725547f9bd2e3481be224c,2026-02-27T22:35:00Z,2026-02,max_drawdown,AVAX,ETH|ADA|LINK,0.0014471780028941967,0.0022497187851520076,8.025407822578108
event_f0017aaaf8b27d870b17116f1b4c0d8e134774c559725547f9bd2e3481be224c,2026-02-27T22:35:00Z,2026-02,max_drawdown,LTC,ETH|ADA|LINK,0.0014471780028941967,0.0016660496112551537,2.1887160836095694
event_434cb78c307cd0e8d3383e4b1399d7517a47e30c90acd43bcb50380363152bd5,2026-02-28T06:17:00Z,2026-02,volatility,SOL,LINK|ETH|ADA,0.014716985775440542,0.016539958957930204,18.229731824896625
event_434cb78c307cd0e8d3383e4b1399d7517a47e30c90acd43bcb50380363152bd5,2026-02-28T06:17:00Z,2026-02,volatility,DOGE,LINK|ETH|ADA,0.014716985775440542,0.018619906904284108,39.02921128843566
event_434cb78c307cd0e8d3383e4b1399d7517a47e30c90acd43bcb50380363152bd5,2026-02-28T06:17:00Z,2026-02,volatility,AVAX,LINK|ETH|ADA,0.014716985775440542,0.014987425465965366,2.7043969052482386
event_434cb78c307cd0e8d3383e4b1399d7517a47e30c90acd43bcb50380363152bd5,2026-02-28T06:17:00Z,2026-02,volatility,LTC,LINK|ETH|ADA,0.014716985775440542,0.016857072133768913,21.400863583283716
event_434cb78c307cd0e8d3383e4b1399d7517a47e30c90acd43bcb50380363152bd5,2026-02-28T06:17:00Z,2026-02,max_drawdown,SOL,LINK|ETH|ADA,0.026837806301050225,0.03119197920534732,43.54172904297096
event_434cb78c307cd0e8d3383e4b1399d7517a47e30c90acd43bcb50380363152bd5,2026-02-28T06:17:00Z,2026-02,max_drawdown,DOGE,LINK|ETH|ADA,0.026837806301050225,0.030593358737071388,37.55552436021163
event_434cb78c307cd0e8d3383e4b1399d7517a47e30c90acd43bcb50380363152bd5,2026-02-28T06:17:00Z,2026-02,max_drawdown,AVAX,LINK|ETH|ADA,0.026837806301050225,0.03050847457627114,36.70668275220914
event_434cb78c307cd0e8d3383e4b1399d7517a47e30c90acd43bcb50380363152bd5,2026-02-28T06:17:00Z,2026-02,max_drawdown,LTC,LINK|ETH|ADA,0.026837806301050225,0.0324543610547667,56.16554753716474
event_005d97381639a8b72ee64a59098f9abb784b4b524bb552ee93357686ebbb59b9,2026-02-28T13:49:00Z,2026-02,volatility,SOL,XRP|DOGE|ADA,0.013902387117224127,0.014873127537519069,9.707404202949425
event_005d97381639a8b72ee64a59098f9abb784b4b524bb552ee93357686ebbb59b9,2026-02-28T13:49:00Z,2026-02,volatility,LINK,XRP|DOGE|ADA,0.013902387117224127,0.01422921866188071,3.2683154465658335
event_005d97381639a8b72ee64a59098f9abb784b4b524bb552ee93357686ebbb59b9,2026-02-28T13:49:00Z,2026-02,max_drawdown,SOL,XRP|DOGE|ADA,0.012192466797300197,0.013744017670879745,15.515508735795477
event_005d97381639a8b72ee64a59098f9abb784b4b524bb552ee93357686ebbb59b9,2026-02-28T13:49:00Z,2026-02,max_drawdown,LINK,XRP|DOGE|ADA,0.012192466797300197,0.012895662368112478,7.031955708122814
